admin0Name_en,admin0Name_ar,admin0Pcode,admin1Name_en,admin1Name_ar,admin1Pcode,admin2Name_en,admin2Name_ar,admin2Pcode,admin2oldPcode,admin2RefName_en,admin2RefName_ar,admin2AltName1_en,admin2AltName1_ar,admin2AltName2_en,admin2AltName2_ar,date_,validOn,validTo
Yemen,اليمن,YE,Ibb,اب,YE11,Al Qafr,القفر,YE1101,YE1101,Al Qafr,القفر,,,,,2019-02-01,2019-10-02,
Yemen,اليمن,YE,Ibb,اب,YE11,Yarim,يريم,YE1102,YE1102,Yarim,يريم,,,,,2019-02-01,2019-10-02,
Yemen,اليمن,YE,Ibb,اب,YE11,Adh Dhihar,الظهار,YE1119,YE1119,Adh Dhihar,الظهار,,,,,2019-02-01,2019-10-02,
Yemen,اليمن,YE,Ibb,اب,YE11,Ibb,اب,YE1120,YE1120,Ibb,اب,,,,,2019-02-01,2019-10-02,
Yemen,اليمن,YE,Aden,عدن,YE24,Khur Maksar,خور مكسر,YE2408,YE2408,Khur Maksar,خور مكسر,,,,,2019-02-01,2019-10-02,
Yemen,اليمن,YE,Ibb,اب,YE11,Ar Radmah,الرضمه,YE1103,YE1103,Ar Radmah,الرضمه,,,,,2019-02-01,2019-10-02,
Yemen,اليمن,YE,Ibb,اب,YE11,An Nadirah,النادره,YE1104,YE1104,An Nadirah,النادره,,,,,2019-02-01,2019-10-02,
Yemen,اليمن,YE,Ibb,اب,YE11,Ash Sha'ir,الشعر,YE1105,YE1105,Ash Shair,الشعر,,,,,2019-02-01,2019-10-02,
Yemen,اليمن,YE,Abyan,ابين,YE12,Sibah,سباح,YE1205,YE1205,Sibah,سباح,,,,,2019-02-01,2019-10-02,
Yemen,اليمن,YE,Ibb,اب,YE11,As Saddah,السده,YE1106,YE1106,As Saddah,السده,,,,,2019-02-01,2019-10-02,
Yemen,اليمن,YE,Ibb,اب,YE11,Al Makhadir,المخادر,YE1107,YE1107,Al Makhadir,المخادر,,,,,2019-02-01,2019-10-02,
Yemen,اليمن,YE,Ibb,اب,YE11,Hobeish,حبيش,YE1108,YE1108,Hobeish,حبيش,,,,,2019-02-01,2019-10-02,
Yemen,اليمن,YE,Ibb,اب,YE11,Hazm Al Odayn,حزم العدين,YE1109,YE1109,Hazm Al Odayn,حزم العدين,,,,,2019-02-01,2019-10-02,
Yemen,اليمن,YE,Ibb,اب,YE11,Far' Al Odayn,فرع العدين,YE1110,YE1110,Far Al Odayn,فرع العدين,,,,,2019-02-01,2019-10-02,
Yemen,اليمن,YE,Ibb,اب,YE11,Al Odayn,العدين,YE1111,YE1111,Al Odayn,العدين,,,,,2019-02-01,2019-10-02,
Yemen,اليمن,YE,Ibb,اب,YE11,Jiblah,جبله,YE1112,YE1112,Jiblah,جبله,,,,,2019-02-01,2019-10-02,
Yemen,اليمن,YE,Ibb,اب,YE11,Ba'dan,بعدان,YE1113,YE1113,Badan,بعدان,,,,,2019-02-01,2019-10-02,
Yemen,اليمن,YE,Ibb,اب,YE11,As Sabrah,السبره,YE1114,YE1114,As Sabrah,السبره,,,,,2019-02-01,2019-10-02,
Yemen,اليمن,YE,Abyan,ابين,YE12,Zinjibar,زنجبار,YE1210,YE1210,Zinjibar,زنجبار,,,,,2019-02-01,2019-10-02,
Yemen,اليمن,YE,Abyan,ابين,YE12,Khanfar,خنفر,YE1211,YE1211,Khanfar,خنفر,,,,,2019-02-01,2019-10-02,
Yemen,اليمن,YE,Ibb,اب,YE11,As Saiyani,السياني,YE1115,YE1115,As Saiyani,السياني,,,,,2019-02-01,2019-10-02,
Yemen,اليمن,YE,Sana'a City,امانة العاصمه,YE13,Old City,صنعاء القديمه,YE1301,YE1301,Old City,صنعاء القديمه,,,,,2019-02-01,2019-10-02,
Yemen,اليمن,YE,Ibb,اب,YE11,Dhi As Sufal,ذي السفال,YE1116,YE1116,Dhi As Sufal,ذي السفال,,,,,2019-02-01,2019-10-02,
Yemen,اليمن,YE,Ibb,اب,YE11,Mudhaykhirah,مذيخره,YE1117,YE1117,Mudhaykhirah,مذيخره,,,,,2019-02-01,2019-10-02,
Yemen,اليمن,YE,Sana'a,صنعاء,YE23,Jihanah,جحانه,YE2316,YE2316,Jihanah,جحانه,,,,,2019-02-01,2019-10-02,
Yemen,اليمن,YE,Ibb,اب,YE11,Al Mashannah,المشنه,YE1118,YE1118,Al Mashannah,المشنه,,,,,2019-02-01,2019-10-02,
Yemen,اليمن,YE,Abyan,ابين,YE12,Al Mahfad,المحفد,YE1201,YE1201,Al Mahfad,المحفد,,,,,2019-02-01,2019-10-02,
Yemen,اليمن,YE,Ma'rib,مارب,YE26,Bidbadah,بدبده,YE2605,YE2605,Bidbadah,بدبده,,,,,2019-02-01,2019-10-02,
Yemen,اليمن,YE,Abyan,ابين,YE12,Mudiyah,موديه,YE1202,YE1202,Mudiyah,موديه,,,,,2019-02-01,2019-10-02,
Yemen,اليمن,YE,Abyan,ابين,YE12,Jayshan,جيشان,YE1203,YE1203,Jayshan,جيشان,,,,,2019-02-01,2019-10-02,
Yemen,اليمن,YE,Sana'a City,امانة العاصمه,YE13,Sana'a City Outskirts - Hamdan,ضواحي الامانة همدان,YE1319,,Sanaa City Outskirts - Hamdan,ضواحي الامانة همدان,,,,,2019-02-01,2019-10-02,
Yemen,اليمن,YE,Abyan,ابين,YE12,Lawdar,لودر,YE1204,YE1204,Lawdar,لودر,,,,,2019-02-01,2019-10-02,
Yemen,اليمن,YE,Abyan,ابين,YE12,Rassd,رصد,YE1206,YE1206,Rassd,رصد,,,,,2019-02-01,2019-10-02,
Yemen,اليمن,YE,Al Bayda,البيضاء,YE14,At Taffah,الطفه,YE1407,YE1407,At Taffah,الطفه,,,,,2019-02-01,2019-10-02,
Yemen,اليمن,YE,Abyan,ابين,YE12,Sarar,سرار,YE1207,YE1207,Sarar,سرار,,,,,2019-02-01,2019-10-02,
Yemen,اليمن,YE,Abyan,ابين,YE12,Al Wadi',الوضيع,YE1208,YE1208,Al Wadi,الوضيع,,,,,2019-02-01,2019-10-02,
Yemen,اليمن,YE,Abyan,ابين,YE12,Ahwar,احور,YE1209,YE1209,Ahwar,احور,,,,,2019-02-01,2019-10-02,
Yemen,اليمن,YE,Sana'a City,امانة العاصمه,YE13,Shu'ub,شعوب,YE1302,YE1302,Shuub,شعوب,,,,,2019-02-01,2019-10-02,
Yemen,اليمن,YE,Al Bayda,البيضاء,YE14,As Sawadiyah,السواديه,YE1411,YE1411,As Sawadiyah,السواديه,,,,,2019-02-01,2019-10-02,
Yemen,اليمن,YE,Sana'a City,امانة العاصمه,YE13,Azaal,ازال,YE1303,YE1303,Azaal,ازال,,,,,2019-02-01,2019-10-02,
Yemen,اليمن,YE,Al Bayda,البيضاء,YE14,Az Zahir,الزاهر,YE1405,YE1405,Az Zahir - Al Bayda,الزاهر - البيضاء,,,,,2019-02-01,2019-10-02,
Yemen,اليمن,YE,Sana'a City,امانة العاصمه,YE13,As Safiyah,الصافيه,YE1304,YE1304,As Safiyah,الصافيه,,,,,2019-02-01,2019-10-02,
Yemen,اليمن,YE,Sana'a City,امانة العاصمه,YE13,As Sab'in,السبعين,YE1305,YE1305,As Sabin,السبعين,,,,,2019-02-01,2019-10-02,
Yemen,اليمن,YE,Al Bayda,البيضاء,YE14,Dhi Na'im,ذي ناعم,YE1406,YE1406,Dhi Naim,ذي ناعم,,,,,2019-02-01,2019-10-02,
Yemen,اليمن,YE,Sana'a City,امانة العاصمه,YE13,Al Wehdah,الوحده,YE1306,YE1306,Al Wehdah,الوحده,,,,,2019-02-01,2019-10-02,
Yemen,اليمن,YE,Sana'a City,امانة العاصمه,YE13,At Tahrir,التحرير,YE1307,YE1307,At Tahrir,التحرير,,,,,2019-02-01,2019-10-02,
Yemen,اليمن,YE,Sana'a City,امانة العاصمه,YE13,Ma'in,معين,YE1308,YE1308,Main,معين,,,,,2019-02-01,2019-10-02,
Yemen,اليمن,YE,Sana'a City,امانة العاصمه,YE13,Ath Thawrah,الثوره,YE1309,YE1309,Ath Thawrah,الثوره,,,,,2019-02-01,2019-10-02,
Yemen,اليمن,YE,Sana'a City,امانة العاصمه,YE13,Bani Al Harith,بني الحارث,YE1310,YE1310,Bani Al Harith,بني الحارث,,,,,2019-02-01,2019-10-02,
Yemen,اليمن,YE,Al Bayda,البيضاء,YE14,Radman,ردمان,YE1412,YE1412,Radman,ردمان,,,,,2019-02-01,2019-10-02,
Yemen,اليمن,YE,Sana'a City,امانة العاصمه,YE13,Sana'a City Outskirts -Sanhan wa Bani Bahlul,ضواحي الامانة سنحان وبني بهلول,YE1324,,Sanaa City Outskirts -Sanhan wa Bani Bahlul,ضواحي الامانة سنحان وبني بهلول,,,,,2019-02-01,2019-10-02,
Yemen,اليمن,YE,Al Bayda,البيضاء,YE14,Nu'man,نعمان,YE1401,YE1401,Numan,نعمان,,,,,2019-02-01,2019-10-02,
Yemen,اليمن,YE,Al Bayda,البيضاء,YE14,Sabah,صباح,YE1417,YE1417,Sabah,صباح,,,,,2019-02-01,2019-10-02,
Yemen,اليمن,YE,Al Bayda,البيضاء,YE14,Nati',ناطع,YE1402,YE1402,Nati,ناطع,,,,,2019-02-01,2019-10-02,
Yemen,اليمن,YE,Al Bayda,البيضاء,YE14,Maswarah,مسوره,YE1403,YE1403,Maswarah,مسوره,,,,,2019-02-01,2019-10-02,
Yemen,اليمن,YE,Al Bayda,البيضاء,YE14,As Sawma'ah,الصومعه,YE1404,YE1404,As Sawmaah,الصومعه,,,,,2019-02-01,2019-10-02,
Yemen,اليمن,YE,Al Bayda,البيضاء,YE14,Mukayras,مكيراس,YE1408,YE1408,Mukayras,مكيراس,,,,,2019-02-01,2019-10-02,
Yemen,اليمن,YE,Al Bayda,البيضاء,YE14,Al Bayda City,مدينة البيضاء,YE1409,YE1409,Al Bayda City,مدينة البيضاء,,,,,2019-02-01,2019-10-02,
Yemen,اليمن,YE,Al Bayda,البيضاء,YE14,Al Bayda,البيضاء,YE1410,YE1410,Al Bayda,البيضاء,,,,,2019-02-01,2019-10-02,
Yemen,اليمن,YE,Al Bayda,البيضاء,YE14,Rada',رداع,YE1413,YE1413,Rada,رداع,,,,,2019-02-01,2019-10-02,
Yemen,اليمن,YE,Al Bayda,البيضاء,YE14,Al Quraishyah,القريشيه,YE1414,YE1414,Al Quraishyah,القريشيه,,,,,2019-02-01,2019-10-02,
Yemen,اليمن,YE,Al Bayda,البيضاء,YE14,Wald Rabi',ولدربيع,YE1415,YE1415,Wald Rabi,ولدربيع,,,,,2019-02-01,2019-10-02,
Yemen,اليمن,YE,Al Bayda,البيضاء,YE14,Al Arsh,العرش,YE1416,YE1416,Al Arsh,العرش,,,,,2019-02-01,2019-10-02,
Yemen,اليمن,YE,Ta'iz,تعز,YE15,Mawza',موزع,YE1507,YE1508,Mawza,موزع,,,,,2019-02-01,2019-10-02,
Yemen,اليمن,YE,Al Bayda,البيضاء,YE14,Ar Ryashyyah,الرياشيه,YE1418,YE1418,Ar Ryashyyah,الرياشيه,,,,,2019-02-01,2019-10-02,
Yemen,اليمن,YE,Ta'iz,تعز,YE15,As Silw,الصلو,YE1513,YE1514,As Silw,الصلو,,,,,2019-02-01,2019-10-02,
Yemen,اليمن,YE,Al Bayda,البيضاء,YE14,Ash Sharyah,الشريه,YE1419,YE1419,Ash Sharyah,الشريه,,,,,2019-02-01,2019-10-02,
Yemen,اليمن,YE,Al Bayda,البيضاء,YE14,Al Malajim,الملاجم,YE1420,YE1420,Al Malajim,الملاجم,,,,,2019-02-01,2019-10-02,
Yemen,اليمن,YE,Ta'iz,تعز,YE15,Mawiyah,ماويه,YE1501,YE1501,Mawiyah,ماويه,,,,,2019-02-01,2019-10-02,
Yemen,اليمن,YE,Ta'iz,تعز,YE15,Shar'ab As Salam,شرعب السلام,YE1502,YE1503,Sharab As Salam,شرعب السلام,,,,,2019-02-01,2019-10-02,
Yemen,اليمن,YE,Ta'iz,تعز,YE15,Shar'ab Ar Rawnah,شرعب الرونه,YE1503,YE1504,Sharab Ar Rawnah,شرعب الرونه,,,,,2019-02-01,2019-10-02,
Yemen,اليمن,YE,Ta'iz,تعز,YE15,Maqbanah,مقبنه,YE1504,YE1505,Maqbanah,مقبنه,,,,,2019-02-01,2019-10-02,
Yemen,اليمن,YE,Ta'iz,تعز,YE15,Al Makha,المخاء,YE1505,YE1506,Al Makha,المخاء,,,,,2019-02-01,2019-10-02,
Yemen,اليمن,YE,Ta'iz,تعز,YE15,Dhubab,باب المندب,YE1506,YE1507,Dhubab,باب المندب,,,,,2019-02-01,2019-10-02,
Yemen,اليمن,YE,Ta'iz,تعز,YE15,Jabal Habashi,جبل حبشي,YE1508,YE1509,Jabal Habashi,جبل حبشي,,,,,2019-02-01,2019-10-02,
Yemen,اليمن,YE,Ta'iz,تعز,YE15,Mashr'ah Wa Hadnan,مشرعة وحدنان,YE1509,YE1510,Mashrah Wa Hadnan,مشرعة وحدنان,,,,,2019-02-01,2019-10-02,
Yemen,اليمن,YE,Ta'iz,تعز,YE15,Sabir Al Mawadim,صبر الموادم,YE1510,YE1511,Sabir Al Mawadim,صبر الموادم,,,,,2019-02-01,2019-10-02,
Yemen,اليمن,YE,Ta'iz,تعز,YE15,Al Misrakh,المسراخ,YE1511,YE1512,Al Misrakh,المسراخ,,,,,2019-02-01,2019-10-02,
Yemen,اليمن,YE,Al Jawf,الجوف,YE16,Al Humaydat,الحميدات,YE1602,YE1602,Al Humaydat,الحميدات,,,,,2019-02-01,2019-10-02,
Yemen,اليمن,YE,Ta'iz,تعز,YE15,Dimnat Khadir,خدير,YE1512,YE1513,Dimnat Khadir,خدير,,,,,2019-02-01,2019-10-02,
Yemen,اليمن,YE,Ta'iz,تعز,YE15,Ash Shamayatayn,الشمايتين,YE1514,YE1515,Ash Shamayatayn,الشمايتين,,,,,2019-02-01,2019-10-02,
Yemen,اليمن,YE,Ta'iz,تعز,YE15,Al Wazi'yah,الوازعيه,YE1515,YE1516,Al Waziyah,الوازعيه,,,,,2019-02-01,2019-10-02,
Yemen,اليمن,YE,Ta'iz,تعز,YE15,Hayfan,حيفان,YE1516,YE1517,Hayfan,حيفان,,,,,2019-02-01,2019-10-02,
Yemen,اليمن,YE,Ta'iz,تعز,YE15,Al Mudhaffar,المظفر,YE1517,YE1518,Al Mudhaffar,المظفر,,,,,2019-02-01,2019-10-02,
Yemen,اليمن,YE,Ta'iz,تعز,YE15,Al Qahirah,القاهره,YE1518,YE1519,Al Qahirah,القاهره,,,,,2019-02-01,2019-10-02,
Yemen,اليمن,YE,Ta'iz,تعز,YE15,Salah,صاله,YE1519,YE1520,Salah,صاله,,,,,2019-02-01,2019-10-02,
Yemen,اليمن,YE,Ta'iz,تعز,YE15,At Ta'iziyah,التعزيه,YE1520,YE1502,At Taiziyah,التعزيه,,,,,2019-02-01,2019-10-02,
Yemen,اليمن,YE,Ta'iz,تعز,YE15,Al Ma'afer,المعافر,YE1521,YE1521,Al Maafer,المعافر,,,,,2019-02-01,2019-10-02,
Yemen,اليمن,YE,Shabwah,شبوه,YE21,Markhah Al Olya,مرخة العليا,YE2108,YE2108,Markhah Al Olya,مرخة العليا,,,,,2019-02-01,2019-10-02,
Yemen,اليمن,YE,Ta'iz,تعز,YE15,Al Mawasit,المواسط,YE1522,YE1522,Al Mawasit,المواسط,,,,,2019-02-01,2019-10-02,
Yemen,اليمن,YE,Ta'iz,تعز,YE15,Sami',سامع,YE1523,YE1523,Sami,سامع,,,,,2019-02-01,2019-10-02,
Yemen,اليمن,YE,Al Jawf,الجوف,YE16,Khab wa Ash Sha'f,خب و الشعف,YE1601,YE1601,Khab wa Ash Shaf,خب و الشعف,,,,,2019-02-01,2019-10-02,
Yemen,اليمن,YE,Al Jawf,الجوف,YE16,Al Matammah,المطمه,YE1603,YE1603,Al Matammah,المطمه,,,,,2019-02-01,2019-10-02,
Yemen,اليمن,YE,Al Jawf,الجوف,YE16,Az Zahir,الزاهر,YE1604,YE1604,Az Zahir - Al Jawf,الزاهر - الجوف,,,,,2019-02-01,2019-10-02,
Yemen,اليمن,YE,Al Jawf,الجوف,YE16,Al Hazm,الحزم,YE1605,YE1605,Al Hazm,الحزم,,,,,2019-02-01,2019-10-02,
Yemen,اليمن,YE,Al Jawf,الجوف,YE16,Al Mutun,المتون,YE1606,YE1606,Al Mutun,المتون,,,,,2019-02-01,2019-10-02,
Yemen,اليمن,YE,Al Jawf,الجوف,YE16,Al Maslub,المصلوب,YE1607,YE1607,Al Maslub,المصلوب,,,,,2019-02-01,2019-10-02,
Yemen,اليمن,YE,Al Jawf,الجوف,YE16,Al Ghayl,الغيل,YE1608,YE1608,Al Ghayl,الغيل,,,,,2019-02-01,2019-10-02,
Yemen,اليمن,YE,Al Jawf,الجوف,YE16,Al Khalaq,الخلق,YE1609,YE1609,Al Khalaq,الخلق,,,,,2019-02-01,2019-10-02,
Yemen,اليمن,YE,Al Jawf,الجوف,YE16,Barat Al Anan,برط العنان,YE1610,YE1610,Barat Al Anan,برط العنان,,,,,2019-02-01,2019-10-02,
Yemen,اليمن,YE,Al Jawf,الجوف,YE16,Rajuzah,رجوزه,YE1611,YE1611,Rajuzah,رجوزه,,,,,2019-02-01,2019-10-02,
Yemen,اليمن,YE,Al Jawf,الجوف,YE16,Kharab Al Marashi,خراب المراشى,YE1612,YE1612,Kharab Al Marashi,خراب المراشى,,,,,2019-02-01,2019-10-02,
Yemen,اليمن,YE,Hajjah,حجه,YE17,Bakil Al Mir,بكيل المير,YE1701,YE1701,Bakil Al Mir,بكيل المير,,,,,2019-02-01,2019-10-02,
Yemen,اليمن,YE,Hajjah,حجه,YE17,Harad,حرض,YE1702,YE1702,Harad,حرض,,,,,2019-02-01,2019-10-02,
Yemen,اليمن,YE,Hajjah,حجه,YE17,Midi,ميدي,YE1703,YE1703,Midi,ميدي,,,,,2019-02-01,2019-10-02,
Yemen,اليمن,YE,Hajjah,حجه,YE17,Abs,عبس,YE1704,YE1704,Abs,عبس,,,,,2019-02-01,2019-10-02,
Yemen,اليمن,YE,Hajjah,حجه,YE17,Hayran,حيران,YE1705,YE1705,Hayran,حيران,,,,,2019-02-01,2019-10-02,
Yemen,اليمن,YE,Hajjah,حجه,YE17,Al Jamimah,الجميمه,YE1708,YE1708,Al Jamimah,الجميمه,,,,,2019-02-01,2019-10-02,
Yemen,اليمن,YE,Hajjah,حجه,YE17,Mustaba,مستباء,YE1706,YE1706,Mustaba,مستباء,,,,,2019-02-01,2019-10-02,
Yemen,اليمن,YE,Hajjah,حجه,YE17,Kushar,كشر,YE1707,YE1707,Kushar,كشر,,,,,2019-02-01,2019-10-02,
Yemen,اليمن,YE,Hajjah,حجه,YE17,Kuhlan Ash Sharaf,كحلان الشرف,YE1709,YE1709,Kuhlan Ash Sharaf,كحلان الشرف,,,,,2019-02-01,2019-10-02,
Yemen,اليمن,YE,Hajjah,حجه,YE17,Aflah Ash Sham,افلح الشام,YE1710,YE1710,Aflah Ash Sham,افلح الشام,,,,,2019-02-01,2019-10-02,
Yemen,اليمن,YE,Hajjah,حجه,YE17,Khayran Al Muharraq,خيران المحرق,YE1711,YE1711,Khayran Al Muharraq,خيران المحرق,,,,,2019-02-01,2019-10-02,
Yemen,اليمن,YE,Hajjah,حجه,YE17,Aslam,اسلم,YE1712,YE1712,Aslam,اسلم,,,,,2019-02-01,2019-10-02,
Yemen,اليمن,YE,Al Hodeidah,الحديده,YE18,Al Hujjaylah,الحجيله,YE1811,YE1811,Al Hujjaylah,الحجيله,,,,,2019-02-01,2019-10-02,
Yemen,اليمن,YE,Hajjah,حجه,YE17,Qafl Shammar,قفل شمر,YE1713,YE1713,Qafl Shammar,قفل شمر,,,,,2019-02-01,2019-10-02,
Yemen,اليمن,YE,Hajjah,حجه,YE17,Al Miftah,المفتاح,YE1716,YE1716,Al Miftah,المفتاح,,,,,2019-02-01,2019-10-02,
Yemen,اليمن,YE,Hajjah,حجه,YE17,Aflah Al Yaman,افلح اليمن,YE1714,YE1714,Aflah Al Yaman,افلح اليمن,,,,,2019-02-01,2019-10-02,
Yemen,اليمن,YE,Hajjah,حجه,YE17,Ash Shahil,الشاهل,YE1721,YE1721,Ash Shahil,الشاهل,,,,,2019-02-01,2019-10-02,
Yemen,اليمن,YE,Hajjah,حجه,YE17,Ku'aydinah,كعيدنه,YE1722,YE1722,Kuaydinah,كعيدنه,,,,,2019-02-01,2019-10-02,
Yemen,اليمن,YE,Hajjah,حجه,YE17,Al Mahabishah,المحابشه,YE1715,YE1715,Al Mahabishah,المحابشه,,,,,2019-02-01,2019-10-02,
Yemen,اليمن,YE,Hajjah,حجه,YE17,Wadrah,وضره,YE1723,YE1723,Wadrah,وضره,,,,,2019-02-01,2019-10-02,
Yemen,اليمن,YE,Hajjah,حجه,YE17,Al Maghrabah,المغربه,YE1717,YE1717,Al Maghrabah,المغربه,,,,,2019-02-01,2019-10-02,
Yemen,اليمن,YE,Hajjah,حجه,YE17,Kuhlan Afar,كحلان عفار,YE1718,YE1718,Kuhlan Afar,كحلان عفار,,,,,2019-02-01,2019-10-02,
Yemen,اليمن,YE,Hajjah,حجه,YE17,Najrah,نجره,YE1726,YE1726,Najrah,نجره,,,,,2019-02-01,2019-10-02,
Yemen,اليمن,YE,Hajjah,حجه,YE17,Sharas,شرس,YE1719,YE1719,Sharas,شرس,,,,,2019-02-01,2019-10-02,
Yemen,اليمن,YE,Hajjah,حجه,YE17,Mabyan,مبين,YE1720,YE1720,Mabyan,مبين,,,,,2019-02-01,2019-10-02,
Yemen,اليمن,YE,Hajjah,حجه,YE17,Bani Qays,بني قيس الطور,YE1724,YE1724,Bani Qays,بني قيس الطور,,,,,2019-02-01,2019-10-02,
Yemen,اليمن,YE,Hajjah,حجه,YE17,Ash shaghadirah,الشغادره,YE1725,YE1725,Ash shaghadirah,الشغادره,,,,,2019-02-01,2019-10-02,
Yemen,اليمن,YE,Hajjah,حجه,YE17,Bani Al Awam,بني العوام,YE1727,YE1727,Bani Al Awam,بني العوام,,,,,2019-02-01,2019-10-02,
Yemen,اليمن,YE,Al Hodeidah,الحديده,YE18,Hays,حيس,YE1819,YE1819,Hays,حيس,,,,,2019-02-01,2019-10-02,
Yemen,اليمن,YE,Al Hodeidah,الحديده,YE18,Al Khukhah,الخوخه,YE1820,YE1820,Al Khukhah,الخوخه,,,,,2019-02-01,2019-10-02,
Yemen,اليمن,YE,Hajjah,حجه,YE17,Hajjah City,مدينة حجه,YE1728,YE1728,Hajjah City,مدينة حجه,,,,,2019-02-01,2019-10-02,
Yemen,اليمن,YE,Hajjah,حجه,YE17,Hajjah,حجه,YE1729,YE1729,Hajjah,حجه,,,,,2019-02-01,2019-10-02,
Yemen,اليمن,YE,Hadramawt,حضرموت,YE19,Ash Shihr,الشحر,YE1915,YE1915,Ash Shihr,الشحر,,,,,2019-02-01,2019-10-02,
Yemen,اليمن,YE,Hadramawt,حضرموت,YE19,Ghayl bin Yamin,غيل بن يمين,YE1916,YE1916,Ghayl bin Yamin,غيل بن يمين,,,,,2019-02-01,2019-10-02,
Yemen,اليمن,YE,Hadramawt,حضرموت,YE19,Ghayl Bawazir,غيل باوزير,YE1917,YE1917,Ghayl Bawazir,غيل باوزير,,,,,2019-02-01,2019-10-02,
Yemen,اليمن,YE,Hajjah,حجه,YE17,Washhah,وشحه,YE1730,YE1730,Washhah,وشحه,,,,,2019-02-01,2019-10-02,
Yemen,اليمن,YE,Al Hodeidah,الحديده,YE18,Az Zuhrah,الزهره,YE1801,YE1801,Az Zuhrah,الزهره,,,,,2019-02-01,2019-10-02,
Yemen,اليمن,YE,Al Hodeidah,الحديده,YE18,Alluhayah,اللحيه,YE1802,YE1802,Alluhayah,اللحيه,,,,,2019-02-01,2019-10-02,
Yemen,اليمن,YE,Al Hodeidah,الحديده,YE18,Kamaran,كمران,YE1803,YE1803,Kamaran,كمران,,,,,2019-02-01,2019-10-02,
Yemen,اليمن,YE,Al Hodeidah,الحديده,YE18,As Salif,الصليف,YE1804,YE1804,As Salif,الصليف,,,,,2019-02-01,2019-10-02,
Yemen,اليمن,YE,Hajjah,حجه,YE17,Qarah,قاره,YE1731,YE1731,Qarah,قاره,,,,,2019-02-01,2019-10-02,
Yemen,اليمن,YE,Al Hodeidah,الحديده,YE18,Al Munirah,المنيره,YE1805,YE1805,Al Munirah,المنيره,,,,,2019-02-01,2019-10-02,
Yemen,اليمن,YE,Shabwah,شبوه,YE21,As Sa'id,الصعيد,YE2112,YE2112,As Said,الصعيد,,,,,2019-02-01,2019-10-02,
Yemen,اليمن,YE,Al Hodeidah,الحديده,YE18,Al Qanawis,القناوص,YE1806,YE1806,Al Qanawis,القناوص,,,,,2019-02-01,2019-10-02,
Yemen,اليمن,YE,Al Hodeidah,الحديده,YE18,Al Mighlaf,المغلاف,YE1808,YE1808,Al Mighlaf,المغلاف,,,,,2019-02-01,2019-10-02,
Yemen,اليمن,YE,Al Hodeidah,الحديده,YE18,Az Zaydiah,الزيديه,YE1807,YE1807,Az Zaydiah,الزيديه,,,,,2019-02-01,2019-10-02,
Yemen,اليمن,YE,Al Hodeidah,الحديده,YE18,Ad Dohi,الضحى,YE1809,YE1809,Ad Dohi,الضحى,,,,,2019-02-01,2019-10-02,
Yemen,اليمن,YE,Al Hodeidah,الحديده,YE18,Bajil,باجل,YE1810,YE1810,Bajil,باجل,,,,,2019-02-01,2019-10-02,
Yemen,اليمن,YE,Shabwah,شبوه,YE21,Ataq,عتق,YE2113,YE2113,Ataq,عتق,,,,,2019-02-01,2019-10-02,
Yemen,اليمن,YE,Al Hodeidah,الحديده,YE18,Bura',برع,YE1812,YE1812,Bura,برع,,,,,2019-02-01,2019-10-02,
Yemen,اليمن,YE,Shabwah,شبوه,YE21,Habban,حبان,YE2114,YE2114,Habban,حبان,,,,,2019-02-01,2019-10-02,
Yemen,اليمن,YE,Al Hodeidah,الحديده,YE18,Al Marawi'ah,المراوعه,YE1813,YE1813,Al Marawiah,المراوعه,,,,,2019-02-01,2019-10-02,
Yemen,اليمن,YE,Al Hodeidah,الحديده,YE18,Ad Durayhimi,الدريهمي,YE1814,YE1814,Ad Durayhimi,الدريهمي,,,,,2019-02-01,2019-10-02,
Yemen,اليمن,YE,Al Hodeidah,الحديده,YE18,As Sukhnah,السخنه,YE1815,YE1815,As Sukhnah,السخنه,,,,,2019-02-01,2019-10-02,
Yemen,اليمن,YE,Al Hodeidah,الحديده,YE18,Al Mansuriyah,المنصوريه,YE1816,YE1816,Al Mansuriyah,المنصوريه,,,,,2019-02-01,2019-10-02,
Yemen,اليمن,YE,Al Hodeidah,الحديده,YE18,Bayt Al Faqih,بيت الفقيه,YE1817,YE1817,Bayt Al Faqih,بيت الفقيه,,,,,2019-02-01,2019-10-02,
Yemen,اليمن,YE,Al Hodeidah,الحديده,YE18,Jabal Ras,جبل راس,YE1818,YE1818,Jabal Ras,جبل راس,,,,,2019-02-01,2019-10-02,
Yemen,اليمن,YE,Sa'dah,صعده,YE22,Qatabir,قطابر,YE2202,YE2202,Qatabir,قطابر,,,,,2019-02-01,2019-10-02,
Yemen,اليمن,YE,Al Hodeidah,الحديده,YE18,Al Hawak,الحوك,YE1821,YE1821,Al Hawak,الحوك,,,,,2019-02-01,2019-10-02,
Yemen,اليمن,YE,Al Hodeidah,الحديده,YE18,Al Mina,الميناء,YE1822,YE1822,Al Mina,الميناء,,,,,2019-02-01,2019-10-02,
Yemen,اليمن,YE,Sa'dah,صعده,YE22,Monabbih,منبه,YE2203,YE2203,Monabbih,منبه,,,,,2019-02-01,2019-10-02,
Yemen,اليمن,YE,Al Hodeidah,الحديده,YE18,Al Hali,الحالي,YE1823,YE1823,Al Hali,الحالي,,,,,2019-02-01,2019-10-02,
Yemen,اليمن,YE,Al Hodeidah,الحديده,YE18,Zabid,زبيد,YE1824,YE1824,Zabid,زبيد,,,,,2019-02-01,2019-10-02,
Yemen,اليمن,YE,Al Hodeidah,الحديده,YE18,Al Jarrahi,الجراحي,YE1825,YE1825,Al Jarrahi,الجراحي,,,,,2019-02-01,2019-10-02,
Yemen,اليمن,YE,Al Hodeidah,الحديده,YE18,At Tuhayta,التحيتا,YE1826,YE1826,At Tuhayta,التحيتا,,,,,2019-02-01,2019-10-02,
Yemen,اليمن,YE,Hadramawt,حضرموت,YE19,Rumah,رماه,YE1901,YE1901,Rumah,رماه,,,,,2019-02-01,2019-10-02,
Yemen,اليمن,YE,Hadramawt,حضرموت,YE19,Thamud,ثمود,YE1902,YE1902,Thamud,ثمود,,,,,2019-02-01,2019-10-02,
Yemen,اليمن,YE,Hadramawt,حضرموت,YE19,Al Qaff,القف,YE1903,YE1903,Al Qaff,القف,,,,,2019-02-01,2019-10-02,
Yemen,اليمن,YE,Hadramawt,حضرموت,YE19,Zamakh wa Manwokh,زمخ ومنوخ,YE1904,YE1904,Zamakh wa Manwokh,زمخ ومنوخ,,,,,2019-02-01,2019-10-02,
Yemen,اليمن,YE,Hadramawt,حضرموت,YE19,Hajar As Say'ar,حجر الصيعر,YE1905,YE1905,Hajar As Sayar,حجر الصيعر,,,,,2019-02-01,2019-10-02,
Yemen,اليمن,YE,Hadramawt,حضرموت,YE19,Al Abr,العبر,YE1906,YE1906,Al Abr,العبر,,,,,2019-02-01,2019-10-02,
Yemen,اليمن,YE,Hadramawt,حضرموت,YE19,Al Qatn,القطن,YE1907,YE1907,Al Qatn,القطن,,,,,2019-02-01,2019-10-02,
Yemen,اليمن,YE,Hadramawt,حضرموت,YE19,Shibam,شبام,YE1908,YE1908,Shibam,شبام,,,,,2019-02-01,2019-10-02,
Yemen,اليمن,YE,Hadramawt,حضرموت,YE19,Sah,ساه,YE1909,YE1909,Sah,ساه,,,,,2019-02-01,2019-10-02,
Yemen,اليمن,YE,Hadramawt,حضرموت,YE19,Sayun,سيئون,YE1910,YE1910,Sayun,سيئون,,,,,2019-02-01,2019-10-02,
Yemen,اليمن,YE,Hadramawt,حضرموت,YE19,Haridah,حريضه,YE1928,YE1928,Haridah,حريضه,,,,,2019-02-01,2019-10-02,
Yemen,اليمن,YE,Hadramawt,حضرموت,YE19,Tarim,تريم,YE1911,YE1911,Tarim,تريم,,,,,2019-02-01,2019-10-02,
Yemen,اليمن,YE,Hadramawt,حضرموت,YE19,As Sawm,السوم,YE1912,YE1912,As Sawm,السوم,,,,,2019-02-01,2019-10-02,
Yemen,اليمن,YE,Hadramawt,حضرموت,YE19,Ar Raydah wa Qussay'ar,الريدة وقصيعر,YE1913,YE1913,Ar Raydah wa Qussayar,الريدة وقصيعر,,,,,2019-02-01,2019-10-02,
Yemen,اليمن,YE,Hadramawt,حضرموت,YE19,Ad Dis,الديس,YE1914,YE1914,Ad Dis,الديس,,,,,2019-02-01,2019-10-02,
Yemen,اليمن,YE,Hadramawt,حضرموت,YE19,Daw'an,دوعن,YE1918,YE1918,Dawan,دوعن,,,,,2019-02-01,2019-10-02,
Yemen,اليمن,YE,Hadramawt,حضرموت,YE19,Wadi Al Ayn,وادي العين,YE1919,YE1919,Wadi Al Ayn,وادي العين,,,,,2019-02-01,2019-10-02,
Yemen,اليمن,YE,Hadramawt,حضرموت,YE19,Rakhyah,رخيه,YE1920,YE1920,Rakhyah,رخيه,,,,,2019-02-01,2019-10-02,
Yemen,اليمن,YE,Hadramawt,حضرموت,YE19,Amd,عمد,YE1921,YE1921,Amd,عمد,,,,,2019-02-01,2019-10-02,
Yemen,اليمن,YE,Hadramawt,حضرموت,YE19,Ad Dulay'ah,الضليعه,YE1922,YE1922,Ad Dulayah,الضليعه,,,,,2019-02-01,2019-10-02,
Yemen,اليمن,YE,Hadramawt,حضرموت,YE19,Yab'uth,يبعث,YE1923,YE1923,Yabuth,يبعث,,,,,2019-02-01,2019-10-02,
Yemen,اليمن,YE,Sa'dah,صعده,YE22,Ghamr,غمر,YE2204,YE2204,Ghamr,غمر,,,,,2019-02-01,2019-10-02,
Yemen,اليمن,YE,Hadramawt,حضرموت,YE19,Hajar,حجر,YE1924,YE1924,Hajar,حجر,,,,,2019-02-01,2019-10-02,
Yemen,اليمن,YE,Hadramawt,حضرموت,YE19,Brum Mayf'ah,بروم ميفع,YE1925,YE1925,Brum Mayfah,بروم ميفع,,,,,2019-02-01,2019-10-02,
Yemen,اليمن,YE,Hadramawt,حضرموت,YE19,Al Mukalla,المكلا,YE1926,YE1930,Al Mukalla,المكلا,,,,,2019-02-01,2019-10-02,
Yemen,اليمن,YE,Hadramawt,حضرموت,YE19,Al Mukalla City,مدينة المكلا,YE1927,YE1929,Al Mukalla City,مدينة المكلا,,,,,2019-02-01,2019-10-02,
Yemen,اليمن,YE,Dhamar,ذمار,YE20,Al Hada,الحداء,YE2001,YE2001,Al Hada,الحداء,,,,,2019-02-01,2019-10-02,
Yemen,اليمن,YE,Dhamar,ذمار,YE20,Mayfa'at Ans,ميفعة عنس,YE2009,YE2009,Mayfaat Ans,ميفعة عنس,,,,,2019-02-01,2019-10-02,
Yemen,اليمن,YE,Dhamar,ذمار,YE20,Jahran,جهران,YE2002,YE2002,Jahran,جهران,,,,,2019-02-01,2019-10-02,
Yemen,اليمن,YE,Shabwah,شبوه,YE21,Arma'a,عرماء,YE2104,YE2104,Armaa,عرماء,,,,,2019-02-01,2019-10-02,
Yemen,اليمن,YE,Dhamar,ذمار,YE20,Jabal Ash sharq,جبل الشرق,YE2003,YE2003,Jabal Ash sharq,جبل الشرق,,,,,2019-02-01,2019-10-02,
Yemen,اليمن,YE,Shabwah,شبوه,YE21,Osaylan,عسيلان,YE2105,YE2105,Osaylan,عسيلان,,,,,2019-02-01,2019-10-02,
Yemen,اليمن,YE,Dhamar,ذمار,YE20,Maghrib Ans,مغرب عنس,YE2004,YE2004,Maghrib Ans,مغرب عنس,,,,,2019-02-01,2019-10-02,
Yemen,اليمن,YE,Dhamar,ذمار,YE20,Otmah,عتمه,YE2005,YE2005,Otmah,عتمه,,,,,2019-02-01,2019-10-02,
Yemen,اليمن,YE,Dhamar,ذمار,YE20,Wusab Al Aali,وصاب العالي,YE2006,YE2006,Wusab Al Aali,وصاب العالي,,,,,2019-02-01,2019-10-02,
Yemen,اليمن,YE,Dhamar,ذمار,YE20,Wusab As Safil,وصاب السافل,YE2007,YE2007,Wusab As Safil,وصاب السافل,,,,,2019-02-01,2019-10-02,
Yemen,اليمن,YE,Dhamar,ذمار,YE20,Dhamar City,مدينة ذمار,YE2008,YE2008,Dhamar City,مدينة ذمار,,,,,2019-02-01,2019-10-02,
Yemen,اليمن,YE,Dhamar,ذمار,YE20,Ans,عنس,YE2010,YE2010,Ans,عنس,,,,,2019-02-01,2019-10-02,
Yemen,اليمن,YE,Dhamar,ذمار,YE20,Dawran Anis,ضوران انس,YE2011,YE2011,Dawran Anis,ضوران انس,,,,,2019-02-01,2019-10-02,
Yemen,اليمن,YE,Dhamar,ذمار,YE20,Al Manar,المنار,YE2012,YE2012,Al Manar,المنار,,,,,2019-02-01,2019-10-02,
Yemen,اليمن,YE,Shabwah,شبوه,YE21,Dahr,دهر,YE2101,YE2101,Dahr,دهر,,,,,2019-02-01,2019-10-02,
Yemen,اليمن,YE,Shabwah,شبوه,YE21,At Talh,الطلح,YE2102,YE2102,At Talh,الطلح,,,,,2019-02-01,2019-10-02,
Yemen,اليمن,YE,Shabwah,شبوه,YE21,Jardan,جردان,YE2103,YE2103,Jardan,جردان,,,,,2019-02-01,2019-10-02,
Yemen,اليمن,YE,Shabwah,شبوه,YE21,Ayn,عين,YE2106,YE2106,Ayn,عين,,,,,2019-02-01,2019-10-02,
Yemen,اليمن,YE,Shabwah,شبوه,YE21,Bayhan,بيحان,YE2107,YE2107,Bayhan,بيحان,,,,,2019-02-01,2019-10-02,
Yemen,اليمن,YE,Shabwah,شبوه,YE21,Markhah As Sufla,مرخة السفلى,YE2109,YE2109,Markhah As Sufla,مرخة السفلى,,,,,2019-02-01,2019-10-02,
Yemen,اليمن,YE,Shabwah,شبوه,YE21,Nisab,نصاب,YE2110,YE2110,Nisab,نصاب,,,,,2019-02-01,2019-10-02,
Yemen,اليمن,YE,Sa'dah,صعده,YE22,Razih,رازح,YE2205,YE2205,Razih,رازح,,,,,2019-02-01,2019-10-02,
Yemen,اليمن,YE,Shabwah,شبوه,YE21,Hatib,حطيب,YE2111,YE2111,Hatib,حطيب,,,,,2019-02-01,2019-10-02,
Yemen,اليمن,YE,Sa'dah,صعده,YE22,Shada'a,شداء,YE2206,YE2206,Shadaa,شداء,,,,,2019-02-01,2019-10-02,
Yemen,اليمن,YE,Shabwah,شبوه,YE21,Ar Rawdah,الروضه,YE2115,YE2115,Ar Rawdah,الروضه,,,,,2019-02-01,2019-10-02,
Yemen,اليمن,YE,Sa'dah,صعده,YE22,Adh Dhahir,الظاهر,YE2207,YE2207,Adh Dhahir,الظاهر,,,,,2019-02-01,2019-10-02,
Yemen,اليمن,YE,Shabwah,شبوه,YE21,Mayfa'ah,ميفعه,YE2116,YE2116,Mayfaah,ميفعه,,,,,2019-02-01,2019-10-02,
Yemen,اليمن,YE,Shabwah,شبوه,YE21,Radum,رضوم,YE2117,YE2117,Radum,رضوم,,,,,2019-02-01,2019-10-02,
Yemen,اليمن,YE,Sa'dah,صعده,YE22,Baqim,باقم,YE2201,YE2201,Baqim,باقم,,,,,2019-02-01,2019-10-02,
Yemen,اليمن,YE,Sana'a,صنعاء,YE23,Hamdan,همدان,YE2301,YE2301,Hamdan,همدان,,,,,2019-02-01,2019-10-02,
Yemen,اليمن,YE,Sana'a,صنعاء,YE23,Arhab,ارحب,YE2302,YE2302,Arhab,ارحب,,,,,2019-02-01,2019-10-02,
Yemen,اليمن,YE,Sa'dah,صعده,YE22,Haydan,حيدان,YE2208,YE2208,Haydan,حيدان,,,,,2019-02-01,2019-10-02,
Yemen,اليمن,YE,Sana'a,صنعاء,YE23,Nihm,نهم,YE2303,YE2303,Nihm,نهم,,,,,2019-02-01,2019-10-02,
Yemen,اليمن,YE,Sana'a,صنعاء,YE23,Bani Hushaysh,بني حشيش,YE2304,YE2304,Bani Hushaysh,بني حشيش,,,,,2019-02-01,2019-10-02,
Yemen,اليمن,YE,Sa'dah,صعده,YE22,Saqin,ساقين,YE2209,YE2209,Saqin,ساقين,,,,,2019-02-01,2019-10-02,
Yemen,اليمن,YE,Sana'a,صنعاء,YE23,Bani Matar,بني مطر,YE2307,YE2307,Bani Matar,بني مطر,,,,,2019-02-01,2019-10-02,
Yemen,اليمن,YE,Sa'dah,صعده,YE22,Majz,مجز,YE2210,YE2210,Majz,مجز,,,,,2019-02-01,2019-10-02,
Yemen,اليمن,YE,Sa'dah,صعده,YE22,Sahar,سحار,YE2211,YE2211,Sahar,سحار,,,,,2019-02-01,2019-10-02,
Yemen,اليمن,YE,Sa'dah,صعده,YE22,As Safra,الصفراء,YE2212,YE2212,As Safra,الصفراء,,,,,2019-02-01,2019-10-02,
Yemen,اليمن,YE,Sa'dah,صعده,YE22,Al Hashwah,الحشوه,YE2213,YE2213,Al Hashwah,الحشوه,,,,,2019-02-01,2019-10-02,
Yemen,اليمن,YE,Sa'dah,صعده,YE22,Kitaf wa Al Boqa',كتاف والبقع,YE2214,YE2214,Kitaf wa Al Boqa,كتاف والبقع,,,,,2019-02-01,2019-10-02,
Yemen,اليمن,YE,Sa'dah,صعده,YE22,Sa'dah,صعده,YE2215,YE2215,Sadah,صعده,,,,,2019-02-01,2019-10-02,
Yemen,اليمن,YE,Sana'a,صنعاء,YE23,Sanhan wa Bani Bahlul,سنحان وبني بهلول,YE2305,YE2305,Sanhan wa Bani Bahlul,سنحان وبني بهلول,,,,,2019-02-01,2019-10-02,
Yemen,اليمن,YE,Sana'a,صنعاء,YE23,Bilad Ar Rus,بلاد الروس,YE2306,YE2306,Bilad Ar Rus,بلاد الروس,,,,,2019-02-01,2019-10-02,
Yemen,اليمن,YE,Sana'a,صنعاء,YE23,Al Haymah Ad Dakhiliyah,الحيمة الداخليه,YE2308,YE2308,Al Haymah Ad Dakhiliyah,الحيمة الداخليه,,,,,2019-02-01,2019-10-02,
Yemen,اليمن,YE,Sana'a,صنعاء,YE23,Al Haymah Al Kharijiyah,الحيمة الخارجيه,YE2309,YE2309,Al Haymah Al Kharijiyah,الحيمة الخارجيه,,,,,2019-02-01,2019-10-02,
Yemen,اليمن,YE,Sana'a,صنعاء,YE23,Manakhah,مناخه,YE2310,YE2310,Manakhah,مناخه,,,,,2019-02-01,2019-10-02,
Yemen,اليمن,YE,Sana'a,صنعاء,YE23,Sa'fan,صعفان,YE2311,YE2311,Safan,صعفان,,,,,2019-02-01,2019-10-02,
Yemen,اليمن,YE,Sana'a,صنعاء,YE23,Khawlan,خولان,YE2312,YE2312,Khawlan,خولان,,,,,2019-02-01,2019-10-02,
Yemen,اليمن,YE,Sana'a,صنعاء,YE23,At Tyal,الطيال,YE2313,YE2313,At Tyal,الطيال,,,,,2019-02-01,2019-10-02,
Yemen,اليمن,YE,Sana'a,صنعاء,YE23,Bani Dabyan,بني ضبيان,YE2314,YE2314,Bani Dabyan,بني ضبيان,,,,,2019-02-01,2019-10-02,
Yemen,اليمن,YE,Sana'a,صنعاء,YE23,Al Hissn,الحصن,YE2315,YE2315,Al Hissn,الحصن,,,,,2019-02-01,2019-10-02,
Yemen,اليمن,YE,Aden,عدن,YE24,Dar Sa'd,دار سعد,YE2401,YE2401,Dar Sad,دار سعد,,,,,2019-02-01,2019-10-02,
Yemen,اليمن,YE,Al Mahwit,المحويت,YE27,Melhan,ملحان,YE2705,YE2705,Melhan,ملحان,,,,,2019-02-01,2019-10-02,
Yemen,اليمن,YE,Aden,عدن,YE24,Ash Shaykh Othman,الشيخ عثمان,YE2402,YE2402,Ash Shaykh Othman,الشيخ عثمان,,,,,2019-02-01,2019-10-02,
Yemen,اليمن,YE,Aden,عدن,YE24,Al Mu'alla,المعلا,YE2406,YE2406,Al Mualla,المعلا,,,,,2019-02-01,2019-10-02,
Yemen,اليمن,YE,Aden,عدن,YE24,Al Mansurah,المنصوره,YE2403,YE2403,Al Mansurah,المنصوره,,,,,2019-02-01,2019-10-02,
Yemen,اليمن,YE,Aden,عدن,YE24,Al Burayqah,البريقه,YE2404,YE2404,Al Burayqah,البريقه,,,,,2019-02-01,2019-10-02,
Yemen,اليمن,YE,Aden,عدن,YE24,At Tawahi,التواهي,YE2405,YE2405,At Tawahi,التواهي,,,,,2019-02-01,2019-10-02,
Yemen,اليمن,YE,Aden,عدن,YE24,Kritar - Sirah,صيره,YE2407,YE2407,Kritar - Sirah,صيره,,,,,2019-02-01,2019-10-02,
Yemen,اليمن,YE,Lahj,لحج,YE25,Al Had,الحد,YE2501,YE2501,Al Had,الحد,,,,,2019-02-01,2019-10-02,
Yemen,اليمن,YE,Lahj,لحج,YE25,Yafi',يافع,YE2502,YE2502,Yafi,يافع,,,,,2019-02-01,2019-10-02,
Yemen,اليمن,YE,Lahj,لحج,YE25,Al Maflahi,المفلحي,YE2503,YE2503,Al Maflahi,المفلحي,,,,,2019-02-01,2019-10-02,
Yemen,اليمن,YE,Lahj,لحج,YE25,Yahr,يهر,YE2504,YE2504,Yahr,يهر,,,,,2019-02-01,2019-10-02,
Yemen,اليمن,YE,Lahj,لحج,YE25,Al Malah,الملاح,YE2508,YE2508,Al Malah,الملاح,,,,,2019-02-01,2019-10-02,
Yemen,اليمن,YE,Lahj,لحج,YE25,Habil Jabr,حبيل جبر,YE2505,YE2505,Habil Jabr,حبيل جبر,,,,,2019-02-01,2019-10-02,
Yemen,اليمن,YE,Lahj,لحج,YE25,Halmin,حالمين,YE2506,YE2506,Halmin,حالمين,,,,,2019-02-01,2019-10-02,
Yemen,اليمن,YE,Lahj,لحج,YE25,Radfan,ردفان,YE2507,YE2507,Radfan,ردفان,,,,,2019-02-01,2019-10-02,
Yemen,اليمن,YE,Al Mahwit,المحويت,YE27,Hufash,حفاش,YE2706,YE2706,Hufash,حفاش,,,,,2019-02-01,2019-10-02,
Yemen,اليمن,YE,Al Mahwit,المحويت,YE27,Bani Sa'd,بني سعد,YE2707,YE2707,Bani Sad,بني سعد,,,,,2019-02-01,2019-10-02,
Yemen,اليمن,YE,Lahj,لحج,YE25,Al Musaymir,المسيمير,YE2509,YE2509,Al Musaymir,المسيمير,,,,,2019-02-01,2019-10-02,
Yemen,اليمن,YE,Al Mahwit,المحويت,YE27,Al Mahwit City,مدينة المحويت,YE2708,YE2708,Al Mahwit City,مدينة المحويت,,,,,2019-02-01,2019-10-02,
Yemen,اليمن,YE,Lahj,لحج,YE25,Al Qubaytah,القبيطه,YE2510,YE2510,Al Qubaytah,القبيطه,,,,,2019-02-01,2019-10-02,
Yemen,اليمن,YE,Lahj,لحج,YE25,Tur Al Bahah,طور الباحه,YE2511,YE2511,Tur Al Bahah,طور الباحه,,,,,2019-02-01,2019-10-02,
Yemen,اليمن,YE,Lahj,لحج,YE25,Tuban,تبن,YE2515,YE2515,Tuban,تبن,,,,,2019-02-01,2019-10-02,
Yemen,اليمن,YE,Lahj,لحج,YE25,Al Maqatirah,المقاطره,YE2512,YE2512,Al Maqatirah,المقاطره,,,,,2019-02-01,2019-10-02,
Yemen,اليمن,YE,Lahj,لحج,YE25,Al Madaribah Wa Al Aarah,المضاربة و العاره,YE2513,YE2513,Al Madaribah Wa Al Aarah,المضاربة و العاره,,,,,2019-02-01,2019-10-02,
Yemen,اليمن,YE,Lahj,لحج,YE25,Al Hawtah,الحوطه,YE2514,YE2514,Al Hawtah,الحوطه,,,,,2019-02-01,2019-10-02,
Yemen,اليمن,YE,Ma'rib,مارب,YE26,Majzar,مجزر,YE2601,YE2601,Majzar,مجزر,,,,,2019-02-01,2019-10-02,
Yemen,اليمن,YE,Ma'rib,مارب,YE26,Raghwan,رغوان,YE2602,YE2602,Raghwan,رغوان,,,,,2019-02-01,2019-10-02,
Yemen,اليمن,YE,Ma'rib,مارب,YE26,Madghal Al Jid'an,مدغل الجدعان,YE2603,YE2603,Madghal Al Jidan,مدغل الجدعان,,,,,2019-02-01,2019-10-02,
Yemen,اليمن,YE,Ma'rib,مارب,YE26,Harib Al Qaramish,حريب القرامش,YE2604,YE2604,Harib Al Qaramish,حريب القرامش,,,,,2019-02-01,2019-10-02,
Yemen,اليمن,YE,Ma'rib,مارب,YE26,Sirwah,صرواح,YE2606,YE2606,Sirwah,صرواح,,,,,2019-02-01,2019-10-02,
Yemen,اليمن,YE,Ma'rib,مارب,YE26,Al Jubah,الجوبه,YE2607,YE2607,Al Jubah,الجوبه,,,,,2019-02-01,2019-10-02,
Yemen,اليمن,YE,Ma'rib,مارب,YE26,Rahabah,رحبه,YE2608,YE2608,Rahabah,رحبه,,,,,2019-02-01,2019-10-02,
Yemen,اليمن,YE,Amran,عمران,YE29,Jabal Eyal Yazid,جبل عيال يزيد,YE2912,YE2912,Jabal Eyal Yazid,جبل عيال يزيد,,,,,2019-02-01,2019-10-02,
Yemen,اليمن,YE,Ma'rib,مارب,YE26,Harib,حريب,YE2609,YE2609,Harib,حريب,,,,,2019-02-01,2019-10-02,
Yemen,اليمن,YE,Ma'rib,مارب,YE26,Mahliyah,ماهليه,YE2610,YE2610,Mahliyah,ماهليه,,,,,2019-02-01,2019-10-02,
Yemen,اليمن,YE,Ma'rib,مارب,YE26,Al Abdiyah,العبديه,YE2611,YE2611,Al Abdiyah,العبديه,,,,,2019-02-01,2019-10-02,
Yemen,اليمن,YE,Ma'rib,مارب,YE26,Ma'rib City,مدينة مارب,YE2612,YE2612,Marib City,مدينة مارب,,,,,2019-02-01,2019-10-02,
Yemen,اليمن,YE,Al Maharah,المهره,YE28,Hat,حات,YE2802,YE2802,Hat,حات,,,,,2019-02-01,2019-10-02,
Yemen,اليمن,YE,Ma'rib,مارب,YE26,Ma'rib,مارب,YE2613,YE2613,Marib,مارب,,,,,2019-02-01,2019-10-02,
Yemen,اليمن,YE,Al Maharah,المهره,YE28,Hawf,حوف,YE2803,YE2803,Hawf,حوف,,,,,2019-02-01,2019-10-02,
Yemen,اليمن,YE,Al Maharah,المهره,YE28,Al Ghaydhah,الغيظه,YE2804,YE2804,Al Ghaydhah,الغيظه,,,,,2019-02-01,2019-10-02,
Yemen,اليمن,YE,Ma'rib,مارب,YE26,Jabal Murad,جبل مراد,YE2614,YE2614,Jabal Murad,جبل مراد,,,,,2019-02-01,2019-10-02,
Yemen,اليمن,YE,Al Maharah,المهره,YE28,Man'ar,منعر,YE2805,YE2805,Manar,منعر,,,,,2019-02-01,2019-10-02,
Yemen,اليمن,YE,Al Maharah,المهره,YE28,Al Masilah,المسيله,YE2806,YE2806,Al Masilah,المسيله,,,,,2019-02-01,2019-10-02,
Yemen,اليمن,YE,Al Mahwit,المحويت,YE27,Shibam Kawkaban,شبام كوكبان,YE2701,YE2701,Shibam Kawkaban,شبام كوكبان,,,,,2019-02-01,2019-10-02,
Yemen,اليمن,YE,Amran,عمران,YE29,Harf Sufyan,حرف سفيان,YE2901,YE2901,Harf Sufyan,حرف سفيان,,,,,2019-02-01,2019-10-02,
Yemen,اليمن,YE,Al Mahwit,المحويت,YE27,At Tawilah,الطويله,YE2702,YE2702,At Tawilah,الطويله,,,,,2019-02-01,2019-10-02,
Yemen,اليمن,YE,Al Mahwit,المحويت,YE27,Ar Rujum,الرجم,YE2703,YE2703,Ar Rujum,الرجم,,,,,2019-02-01,2019-10-02,
Yemen,اليمن,YE,Al Mahwit,المحويت,YE27,Al Khabt,الخبت,YE2704,YE2704,Al Khabt,الخبت,,,,,2019-02-01,2019-10-02,
Yemen,اليمن,YE,Amran,عمران,YE29,Huth,حوث,YE2902,YE2902,Huth,حوث,,,,,2019-02-01,2019-10-02,
Yemen,اليمن,YE,Amran,عمران,YE29,Al Ashah,العشه,YE2903,YE2903,Al Ashah,العشه,,,,,2019-02-01,2019-10-02,
Yemen,اليمن,YE,Amran,عمران,YE29,Qaflat Odhar,قفلة عذر,YE2904,YE2904,Qaflat Odhar,قفلة عذر,,,,,2019-02-01,2019-10-02,
Yemen,اليمن,YE,Al Mahwit,المحويت,YE27,Al Mahwit,المحويت,YE2709,YE2709,Al Mahwit,المحويت,,,,,2019-02-01,2019-10-02,
Yemen,اليمن,YE,Al Maharah,المهره,YE28,Shahin,شحن,YE2801,YE2801,Shahin,شحن,,,,,2019-02-01,2019-10-02,
Yemen,اليمن,YE,Amran,عمران,YE29,Shaharah,شهاره,YE2905,YE2905,Shaharah,شهاره,,,,,2019-02-01,2019-10-02,
Yemen,اليمن,YE,Al Maharah,المهره,YE28,Sayhut,سيحوت,YE2807,YE2807,Sayhut,سيحوت,,,,,2019-02-01,2019-10-02,
Yemen,اليمن,YE,Al Maharah,المهره,YE28,Qishn,قشن,YE2808,YE2808,Qishn,قشن,,,,,2019-02-01,2019-10-02,
Yemen,اليمن,YE,Al Maharah,المهره,YE28,Haswin,حصوين,YE2809,YE2809,Haswin,حصوين,,,,,2019-02-01,2019-10-02,
Yemen,اليمن,YE,Amran,عمران,YE29,Al Madan,المدان,YE2906,YE2906,Al Madan,المدان,,,,,2019-02-01,2019-10-02,
Yemen,اليمن,YE,Amran,عمران,YE29,Kharif,خارف,YE2910,YE2910,Kharif,خارف,,,,,2019-02-01,2019-10-02,
Yemen,اليمن,YE,Amran,عمران,YE29,Suwayr,صوير,YE2907,YE2907,Suwayr,صوير,,,,,2019-02-01,2019-10-02,
Yemen,اليمن,YE,Amran,عمران,YE29,Dhulaymat Habur,ظليمة حبور,YE2908,YE2908,Dhulaymat Habur,ظليمة حبور,,,,,2019-02-01,2019-10-02,
Yemen,اليمن,YE,Amran,عمران,YE29,Dhibain,ذيبين,YE2909,YE2909,Dhibain,ذيبين,,,,,2019-02-01,2019-10-02,
Yemen,اليمن,YE,Amran,عمران,YE29,Raydah,ريده,YE2911,YE2911,Raydah,ريده,,,,,2019-02-01,2019-10-02,
Yemen,اليمن,YE,Amran,عمران,YE29,As Sudah,السوده,YE2913,YE2913,As Sudah,السوده,,,,,2019-02-01,2019-10-02,
Yemen,اليمن,YE,Amran,عمران,YE29,Amran,عمران,YE2915,YE2915,Amran,عمران,,,,,2019-02-01,2019-10-02,
Yemen,اليمن,YE,Amran,عمران,YE29,As Sawd,السود,YE2914,YE2914,As Sawd,السود,,,,,2019-02-01,2019-10-02,
Yemen,اليمن,YE,Amran,عمران,YE29,Maswar,مسور,YE2916,YE2916,Maswar,مسور,,,,,2019-02-01,2019-10-02,
Yemen,اليمن,YE,Amran,عمران,YE29,Bani Surim,بني صريم,YE2920,YE2920,Bani Surim,بني صريم,,,,,2019-02-01,2019-10-02,
Yemen,اليمن,YE,Ad Dali',الضالع,YE30,Juban,جبن,YE3001,YE3001,Juban,جبن,,,,,2019-02-01,2019-10-02,
Yemen,اليمن,YE,Ad Dali',الضالع,YE30,Damt,دمت,YE3002,YE3002,Damt,دمت,,,,,2019-02-01,2019-10-02,
Yemen,اليمن,YE,Ad Dali',الضالع,YE30,Qa'tabah,قعطبه,YE3003,YE3003,Qatabah,قعطبه,,,,,2019-02-01,2019-10-02,
Yemen,اليمن,YE,Ad Dali',الضالع,YE30,Ash Shu'ayb,الشعيب,YE3004,YE3004,Ash Shuayb,الشعيب,,,,,2019-02-01,2019-10-02,
Yemen,اليمن,YE,Amran,عمران,YE29,Thula,ثلاء,YE2917,YE2917,Thula,ثلاء,,,,,2019-02-01,2019-10-02,
Yemen,اليمن,YE,Amran,عمران,YE29,Eyal Surayh,عيال سريح,YE2918,YE2918,Eyal Surayh,عيال سريح,,,,,2019-02-01,2019-10-02,
Yemen,اليمن,YE,Amran,عمران,YE29,Khamir,خمر,YE2919,YE2919,Khamir,خمر,,,,,2019-02-01,2019-10-02,
Yemen,اليمن,YE,Ad Dali',الضالع,YE30,Al Hasayn,الحصين,YE3005,YE3005,Al Hasayn,الحصين,,,,,2019-02-01,2019-10-02,
Yemen,اليمن,YE,Ad Dali',الضالع,YE30,Ad Dali',الضالع,YE3006,YE3006,Ad Dali,الضالع,,,,,2019-02-01,2019-10-02,
Yemen,اليمن,YE,Ad Dali',الضالع,YE30,Jahaf,جحاف,YE3007,YE3007,Jahaf,جحاف,,,,,2019-02-01,2019-10-02,
Yemen,اليمن,YE,Ad Dali',الضالع,YE30,Al Azariq,الازارق,YE3008,YE3008,Al Azariq,الازارق,,,,,2019-02-01,2019-10-02,
Yemen,اليمن,YE,Ad Dali',الضالع,YE30,Al Husha,الحشاء,YE3009,YE3009,Al Husha,الحشاء,,,,,2019-02-01,2019-10-02,
Yemen,اليمن,YE,Raymah,ريمه,YE31,Bilad Atta'am,بلاد الطعام,YE3101,YE3101,Bilad Attaam,بلاد الطعام,,,,,2019-02-01,2019-10-02,
Yemen,اليمن,YE,Raymah,ريمه,YE31,As Salafiyyah,السلفيه,YE3102,YE3103,As Salafiyyah,السلفيه,,,,,2019-02-01,2019-10-02,
Yemen,اليمن,YE,Raymah,ريمه,YE31,Al Jabin,الجبين,YE3103,YE3102,Al Jabin,الجبين,,,,,2019-02-01,2019-10-02,
Yemen,اليمن,YE,Raymah,ريمه,YE31,Mazhar,مزهر,YE3104,YE3106,Mazhar,مزهر,,,,,2019-02-01,2019-10-02,
Yemen,اليمن,YE,Raymah,ريمه,YE31,Kusmah,كسمه,YE3105,YE3104,Kusmah,كسمه,,,,,2019-02-01,2019-10-02,
Yemen,اليمن,YE,Raymah,ريمه,YE31,Al Ja'fariyyah,الجعفريه,YE3106,YE3105,Al Jafariyyah,الجعفريه,,,,,2019-02-01,2019-10-02,
Yemen,اليمن,YE,Socotra,سقطرى,YE32,Hadibu,حديبو,YE3201,YE1926,Hadibu,حديبو,,,,,2019-02-01,2019-10-02,
Yemen,اليمن,YE,Socotra,سقطرى,YE32,Qalansiyah wa Abd Al Kuri,قلنسية وعبد الكوري,YE3202,YE1927,Qalansiyah wa Abd Al Kuri,قلنسية وعبد الكوري,,,,,2019-02-01,2019-10-02,
