ISO 3166-1 Alpha 3-Codes,Region,Country name,Country category,COD-AB URL,COD-AB evaluation,COD-AB live services,COD-PS URL,COD-PS evaluation,AB-PS link,COD-AB reference year,COD-PS reference year,COD-AB remark,COD-PS remark,COD-AB depth,COD-PS depth,COD-AB remark length,COD-PS remark,Name Length,COD-AB-ADM1-EVALUATION,COD-AB-ADM2-EVALUATION,COD-AB-ADM3-EVALUATION,COD-AB-ADM4-EVALUATION,COD-PS-ADM1-EVALUATION,COD-PS-ADM2-EVALUATION,COD-PS-ADM3-EVALUATION,COD-PS-ADM4-EVALUATION,,
ABW,ROLAC-Caribbean,Aruba,Preparedness,https://data.humdata.org/dataset/aruba-administrative-level-0-national-boundary,3,n/a,https://data.humdata.org/dataset/aruba-administrative-level-0-1-sadd-2010-population-statistics,2,INAPPLICABLE,,2010,Only ADM0 is available.  CODs require at least ADM1 to be evaluated as 'fully usable',Sex and age disaggregation not integrated,No fully usable data. ,No fully usable data. ,22,2,5,4,4,4,4,2,2,4,4,,
AFG,ROAP,Afghanistan,Operational,,3,HDX,,3,INAPPLICABLE,,2017,Dataset made 'metadata only' / on request 2020_10_08.,COD tag removed 2020_10_01,No fully usable data. ,No fully usable data. ,22,2,11,4,4,4,4,4,4,4,4,,
AGO,ROSEA,Angola,Preparedness,https://data.humdata.org/dataset/angola-administrative-levels-0-3,1,HDX,https://data.humdata.org/dataset/angola-census-2014-final-and-preliminary-population-results,1,WORKING,,2014,,ADM2 does not have sex and age data disaggregation,Fully usable to administrative level 3. ,Fully usable at administrative level 1 only. ,40,2,6,1,1,1,4,1,3,4,4,,
AIA,ROLAC-Caribbean,Anguilla,Preparedness,https://data.humdata.org/dataset/anguilla-administrative-level-0-national-boundary,3,n/a,https://data.humdata.org/dataset/anguilla-administrative-level-0-and-1-population-statistics,2,INAPPLICABLE,,2011,Only ADM0 is available.  CODs require at least ADM1 to be evaluated as 'fully usable',Sex and age disaggregation not integrated,No fully usable data. ,No fully usable data. ,22,2,8,4,4,4,4,2,4,4,4,,
ALB,Europe,Albania,Preparedness,https://data.humdata.org/dataset/albania-administrative-level-0-3-boundaries,1,n/a,,4,INAPPLICABLE,,,,No population statistics COD,Fully usable to administrative level 3. ,No dataset.,40,2,7,1,1,1,4,5,5,5,5,,
ARE,ROMENA,United Arab Emirates,Preparedness,https://data.humdata.org/dataset/uae-administrative-boundaries-populated-places,3,n/a,,4,INAPPLICABLE,,,Needs P-coding and dissolving.,No population statistics COD,No fully usable data. ,No dataset.,22,2,20,3,4,4,4,5,5,5,5,,
ARG,ROLAC-Latin-America,Argentina,Preparedness,https://data.humdata.org/dataset/argentina-administrative-level-0-boundaries,1,n/a,https://data.humdata.org/dataset/argentina-subnational-population-statistics,1,WORKING,,2010,ADM0 and 1 have topology errors,,Fully usable to administrative level 2. ,Fully usable to administrative level 2. ,40,2,9,2,1,4,4,1,1,4,4,,
ARM,ROCCA,Armenia,Preparedness,https://data.humdata.org/dataset/armenia-administrative-boundaries,1,n/a,https://data.humdata.org/dataset/armenia-population-statistics,1,WORKING,,2019,AB-PS link only ADM1 as PS does not have ADM2,,Fully usable to administrative level 2. ,Fully usable at administrative level 1 only. ,40,2,7,1,1,4,4,1,4,4,4,,
ATG,ROLAC-Caribbean,Antigua and Barbuda,Preparedness,https://data.humdata.org/dataset/antigua-and-barbuda-administrative-boundaries-levels-0-and-1,1,n/a,https://data.humdata.org/dataset/antigua-and-barbuda-administrative-level-0-1-population-statistics,1,WORKING,,2011,Sourced from www.gadm.org,,Fully usable at administrative level 1 only. ,Fully usable at administrative level 1 only. ,45,2,19,1,4,4,4,1,4,4,4,,
AZE,ROCCA,Azerbaijan,Preparedness,https://data.humdata.org/dataset/azerbaijan-administrative-boundaries-taxonomy,1,n/a,https://data.humdata.org/dataset/azerbaijan-population-statistics,1,WORKING,,2018,Poor positional accuracy.  Gazetteer information includees additional 'economic region' and 'rayon' (including 11 Baku features) data.,Age and sex disaggregation not fully integrated.  Additional tables provided for economic regions and district set including 11 Baku features.,Fully usable at administrative level 1 only. ,Fully usable at administrative level 1 only. ,45,2,10,1,4,4,4,1,4,4,4,,
BDI,ROSEA,Burundi,Operational,https://data.humdata.org/dataset/burundi-administrative-level-0-1-and-2-administrative-boundaries,1,HDX,https://data.humdata.org/dataset/burundi-administrative-level-0-2-population-statistics-2018,1,WORKING,,2018,,ENDORSED BY IMWG.  Adm2 lacks age disaggregation.  ADM3 has wrong ADM2 P-codes,Fully usable to administrative level 2. ,Fully usable at administrative level 1 only. ,40,2,7,1,1,4,4,1,3,4,4,,
BEN,ROWCA,Benin,Preparedness,https://data.humdata.org/dataset/benin-administrative-boundaries,1,HDX,https://data.humdata.org/dataset/benin-administrative-level-0-2-sadd-2019-projected-population-statistics,1,WORKING,,2019,,,Fully usable to administrative level 2. ,Fully usable to administrative level 2. ,40,2,5,1,1,4,4,1,1,4,4,,
BES,ROLAC-Caribbean,"Bonaire, Sint Eustatius and Saba",Preparedness,https://data.humdata.org/dataset/caribbean-netherlands-bonaire-sint-eustatius-and-saba,1,n/a,,4,INAPPLICABLE,,,Derived from www.gadm.org,No population statistics COD,Fully usable at administrative level 1 only. ,No dataset.,45,2,32,1,4,4,4,5,5,5,5,,
BFA,ROWCA,Burkina Faso,Preparedness,https://data.humdata.org/dataset/burkina-faso-administrative-boundaries,1,HDX,https://data.humdata.org/dataset/burkina-faso-population-statistic,1,WORKING,,2019,metadata lacking,,Fully usable to administrative level 3. ,Fully usable to administrative level 3. ,40,2,12,1,1,1,4,1,1,1,4,,
BGD,ROAP,Bangladesh,Preparedness,https://data.humdata.org/dataset/administrative-boundaries-of-bangladesh-as-of-2015,1,HDX,https://data.humdata.org/dataset/bangladesh-administrative-level-0-3-population-statistics,2,WORKING,,2011,,SADD not fully integrated.,Fully usable to administrative level 4. ,No fully usable data. ,40,2,10,1,1,1,1,2,2,2,4,,
BGR,Europe,Bulgaria,Preparedness,https://data.humdata.org/dataset/bulgaria-administrative-level-0-2-boundaries,1,n/a,,4,INAPPLICABLE,,,Multipart features should be consolidated, P-codes not properly constructed.,No population statistics COD,Fully usable to administrative level 2. ,No dataset.,40,2,8,1,1,4,4,5,5,5,5,
BHR,ROMENA,Bahrain,Preparedness,https://data.humdata.org/dataset/bahrain-administrative-boundaries-levels-1-2-populated-places,1,n/a,,4,INAPPLICABLE,,,P-codes not properly constructed, ADM2 identical to ADM1, multipart features should be consolidated.,No population statistics COD,No fully usable data. ,No dataset.,22,2,7,3,3,4,4,5,5,5,5
BHS,ROLAC-Caribbean,Bahamas,Preparedness,https://data.humdata.org/dataset/bahamas-administrative-boundaries-level-0-1,1,n/a,https://data.humdata.org/dataset/bahamas-administrative-level-0-1-age-disaggregated-2019-population-estimates,3,WORKING,,2019,Sourced from www.gadm.org, only Adm0 and Adm1 available.  No P-codes.,Age disaggregation only,Fully usable at administrative level 1 only. ,No fully usable data. ,45,2,7,1,4,4,4,3,4,4,4,
BLM,ROLAC-Caribbean,Saint Barthélemy,Preparedness,https://data.humdata.org/dataset/saint-barthelemy-administrative-level-1-department-boundary,3,n/a,https://data.humdata.org/dataset/saint-barthelemy-administrative-level-0-1-sex-and-age-dissaggregated-population-statistics,1,INAPPLICABLE,,2016,Only ADM0 is available.  CODs require at least ADM1 to be evaluated as 'fully usable',,No fully usable data. ,Fully usable at administrative level 1 only. ,22,2,16,4,4,4,4,1,4,4,4,,
BLR,Europe,Belarus,Preparedness,https://data.humdata.org/dataset/belarus-administrative-level-0-2-boundaries,1,n/a,,4,INAPPLICABLE,,,,No population statistics COD,Fully usable to administrative level 2. ,No dataset.,40,2,7,1,1,4,4,5,5,5,5,,
BLZ,ROLAC-Latin-America,Belize,Preparedness,https://data.humdata.org/dataset/belize-administrative-level-0-nation-and-1-district-boundaries,1,n/a,https://data.humdata.org/dataset/belize-administrative-level-0-2-population-statistics,1,WORKING,,2010,Sourced from www.gadm.org, only Adm0 and Adm1 available.,,Fully usable at administrative level 1 only. ,Fully usable at administrative level 1 only. ,45,2,6,1,4,4,4,1,3,4,4,
BMU,ROLAC-Caribbean,Bermuda,Preparedness,https://data.humdata.org/dataset/bermuda-administrative-level-0-country-and-level-1-parish-or-municipality-boundaries,1,n/a,https://data.humdata.org/dataset/bermuda-administrative-level-0-2-population-statistics,1,WORKING,,2016,Sourced from www.gadm.org, adm2 constructed to address municipalities.  See methodology description on HDX.,,Fully usable to administrative level 2. ,Fully usable at administrative level 1 only. ,40,2,7,1,1,4,4,1,3,4,4,
BOL,ROLAC-Latin-America,Bolivia (Plurinational State of),Preparedness,https://data.humdata.org/dataset/bolivia-administrative-level-0-3-boundary-polygons,1,HDX,https://data.humdata.org/dataset/bolivia-plurinational-state-of-subnational-population-statistics,1,WORKING,,2014,,,Fully usable to administrative level 3. ,Fully usable to administrative level 3. ,40,2,32,1,1,1,4,1,1,1,4,,
BRA,ROLAC-Latin-America,Brazil,Preparedness,https://data.humdata.org/dataset/brazil-administrative-level-0-boundaries,1,n/a,https://data.humdata.org/dataset/brazil-subnational-population-statistics,1,WORKING,,2020,Sourced from Instituto Brasileiro de Geografia e Estatística (IBGE),Sourced from Instituto Brasileiro de Geografia e Estatística (IBGE),Fully usable to administrative level 2. ,Fully usable at administrative level 1 only. ,40,2,6,1,1,4,4,1,4,4,4,,
BRB,ROLAC-Caribbean,Barbados,Preparedness,https://data.humdata.org/dataset/barbados-administrative-boundaries-levels-0-and-1-from-gadm,1,n/a,https://data.humdata.org/dataset/barbados-administrative-level-0-1-sex-and-age-disaggregated-population-statistics,1,WORKING,,2010,Sourced from www.gadm.org, only Adm0 and Adm1 available.,,Fully usable at administrative level 1 only. ,Fully usable at administrative level 1 only. ,45,2,8,1,4,4,4,1,4,4,4,
BTN,ROAP,Bhutan,Preparedness,https://data.humdata.org/dataset/bhutan-administrative-boundaries-levels-0-2,1,HDX,https://data.humdata.org/dataset/bhutan-administrative-level-0-1-population-statistics,1,WORKING,,2020,,,Fully usable to administrative level 2. ,Fully usable at administrative level 1 only. ,40,2,6,1,1,4,4,1,4,4,4,,
CAF,ROWCA,Central African Republic,Operational,https://data.humdata.org/dataset/central-african-republic-administrative-boundaries,1,HDX,https://data.humdata.org/dataset/car-data-20160215-population-by-admin,2,WORKING,,2015,Although an Adm4 layer exists for Bangui it is not really a COD and is not evaluated.  Only ADM1 links to COD-PS.,Only Adm1 links correctly to COD-AB records.  WARNING data contains sex and age computed from higher level ratios but not full SADD integration.,Fully usable to administrative level 3. ,No fully usable data. ,40,2,24,1,1,1,4,2,2,2,4,,
CHL,ROLAC-Latin-America,Chile,Preparedness,https://data.humdata.org/dataset/chile-administrative-level-0-country-1-region-region,1,n/a,https://data.humdata.org/dataset/chile-subnational-population-statistics,1,WORKING,,2017,,,Fully usable to administrative level 3. ,Fully usable to administrative level 2. ,40,2,5,1,1,1,4,1,1,4,4,,
CHN,ROAP,China,Preparedness,https://data.humdata.org/dataset/china-administrative-boundaries,1,n/a,,4,INAPPLICABLE,,,,No population statistics COD,Fully usable to administrative level 2. ,No dataset.,40,2,5,1,1,4,4,5,5,5,5,,
CIV,ROWCA,Côte d'Ivoire,Operational,https://data.humdata.org/dataset/cote-d-ivoire-administrative-level-0-3-boundaries-and-points,1,HDX,https://data.humdata.org/dataset/cote-d-ivoire-population-statistics,2,WORKING,,2019,metadata required, Adm3 excludes part of 'Bouna' Adm2,Sex and age data disaggregation not fully integrated.,Fully usable to administrative level 3. ,No fully usable data. ,40,2,13,1,1,1,4,2,2,2,4,
CMR,ROWCA,Cameroon,Operational,https://data.humdata.org/dataset/cameroon-administrative-boundaries,1,HDX,,4,INAPPLICABLE,,,,No population statistics COD,Fully usable to administrative level 3. ,No dataset.,40,2,8,1,1,1,4,5,5,5,5,,
COD,ROWCA,Democratic Republic of the Congo,Operational,https://data.humdata.org/dataset/drc-administrative-boundaries-levels-0-2,1,HDX,https://data.humdata.org/dataset/democratic-republic-of-the-congo-administrative-level-0-2-population-statistics,1,WORKING,,2019,ENDORSED by LC or IMWG July 2017,WARNING:  ADM2 SADD data computed from ADM1 ratios. ,Fully usable to administrative level 2. ,Fully usable to administrative level 2. ,40,2,32,1,1,4,4,1,1,4,4,,
COG,ROWCA,Congo,Preparedness,https://data.humdata.org/dataset/congo-administrative-boundaries,1,HDX,,4,INAPPLICABLE,,,,No population statistics COD,Fully usable to administrative level 2. ,No dataset.,40,2,5,1,1,4,4,5,5,5,5,,
COL,ROLAC-Latin-America,Colombia,Operational,https://data.humdata.org/dataset/colombia-administrative-boundaries-levels-0-3,1,HDX,https://data.humdata.org/dataset/colombia-population-estimates-and-projections,1,WORKING,,2020,,,Fully usable to administrative level 2. ,Fully usable to administrative level 2. ,40,2,8,1,1,4,4,1,1,4,4,,
COM,ROSEA,Comoros,Preparedness,https://data.humdata.org/dataset/comoros-administrative-level-0-3-boundaries,1,HDX,https://data.humdata.org/dataset/comoros-administrative-level-0-3-population-statistics,2,WORKING,,2018,,No sex or age data disaggregation.  Administrative levels 4 and 5 do not roll up to administrative level 3.,Fully usable to administrative level 3. ,No fully usable data. ,40,2,7,1,1,1,4,2,3,4,3,,
CPV,ROWCA,Cabo Verde,Preparedness,https://data.humdata.org/dataset/cape-verde-administrative-boundaries,1,n/a,https://data.humdata.org/dataset/cabo-verde-population-statistics,1,WORKING,,2018,COD-PS contains an additional 'islands' level.,COD-PS also contains an 'islands' table.,Fully usable to administrative level 2. ,Fully usable at administrative level 1 only. ,40,2,10,1,1,4,4,1,4,4,4,,
CRI,ROLAC-Latin-America,Costa Rica,Preparedness,https://data.humdata.org/dataset/costa-rica-subnational-administrative-boundaries,1,n/a,https://data.humdata.org/dataset/costa-rica-subnational-population-statistics,1,WORKING,,2011,,,Fully usable to administrative level 2. ,Fully usable to administrative level 2. ,40,2,10,1,1,4,4,1,1,4,4,,
CUB,ROLAC-Caribbean,Cuba,Preparedness,https://data.humdata.org/dataset/cuba-administrative-boundaries-levels-0-and-1-from-gadm,1,n/a,https://data.humdata.org/dataset/cuba-administrative-levels-0-2-population-statistics#,1,WORKING,,2014,,,Fully usable to administrative level 2. ,Fully usable at administrative level 1 only. ,40,2,4,1,1,4,4,1,3,4,4,,
CUW,ROLAC-Caribbean,Saint Martin (French part),Preparedness,https://data.humdata.org/dataset/curacao-administrative-level-0-national-boundary,3,n/a,https://data.humdata.org/dataset/curacao-administrative-level-0-1-2011-sex-and-age-disaggregated-population-statistics,1,INAPPLICABLE,,2011,Only ADM0 is available.  CODs require at least ADM1 to be evaluated as 'fully usable',,No fully usable data. ,Fully usable at administrative level 1 only. ,22,2,26,4,4,4,4,1,4,4,4,,
CYM,ROLAC-Caribbean,Cayman Islands,Preparedness,https://data.humdata.org/dataset/cayman-islands-administrative-level-0-nation-and-1-district-boundaries,1,n/a,https://data.humdata.org/dataset/cayman-islands-administrative-level-0-1-population-statistics,1,WORKING,,2010,Sourced from www.gadm.org,,Fully usable at administrative level 1 only. ,Fully usable at administrative level 1 only. ,45,2,14,1,4,4,4,1,4,4,4,,
DJI,ROSEA,Djibouti,Preparedness,https://data.humdata.org/dataset/djibouti-administrative-levels-0-2-boundaries,1,n/a,https://data.humdata.org/dataset/djibouti-population-statistics,3,NOT WORKING,,2009,COD-AB and PS reflect different geostatistical structures.,Poorly structured, lacking P-codes.  COD-AB and PS reflect different geostatistical structures.,Fully usable to administrative level 2. ,No fully usable data. ,40,2,8,1,1,4,4,3,4,4,4,
DMA,ROLAC-Caribbean,Dominica,Preparedness,https://data.humdata.org/dataset/dominica-administrative-level-0-national-and-level-1-boundaries-form-gadm,1,n/a,https://data.humdata.org/dataset/dominica-population-statistics-for-populated-places-and-administrative-level-1,3,WORKING,,2011,"Source from www.gadm.org, P-codes inferred from local usage.",Age disaggregation unavailable.  Please read important quality information in caveats section on HDX.,Fully usable at administrative level 1 only. ,No fully usable data. ,45,2,8,1,4,4,4,3,4,4,4,,
DOM,ROLAC-Caribbean,Dominican Republic,Preparedness,https://data.humdata.org/dataset/dominican-republic-administrative-boundaries-levels-0-6,1,n/a,https://data.humdata.org/dataset/dominican-republic-administrative-level-0-4-2010-population-statistics,1,WORKING,,2019,,,Fully usable to administrative level 4. ,Fully usable to administrative level 2. ,40,2,18,1,1,1,1,1,1,2,2,,
DZA,ROMENA,Algeria,Preparedness,https://data.humdata.org/dataset/algeria-administrative-boundaries-levels-1-2-populated-places,1,HDX,,4,INAPPLICABLE,,,,No population statistics COD,Fully usable to administrative level 2. ,No dataset.,40,2,7,1,1,4,4,5,5,5,5,,
ECU,ROLAC-Latin-America,Ecuador,Preparedness,https://data.humdata.org/dataset/ecuador-admin-level-2-boundaries,1,HDX,https://data.humdata.org/dataset/ecuador-population-statistics-for-administrative-level-1-2-and-3,1,WORKING,,2020,COD-PS link at levels 0-2 only.,,Fully usable to administrative level 3. ,Fully usable to administrative level 3. ,40,2,7,1,1,1,4,1,1,1,4,,
EGY,ROMENA,Egypt,Preparedness,https://data.humdata.org/dataset/egypt-administrative-boundaries-levels-0-3,1,HDX,https://data.humdata.org/dataset/egypt-administrative-level-1-governorate-population-statistics,3,WORKING,,2016,"Source, methodology, and metadata lacking.  ADM3 covers only populated areas.",Administrative level 1 only.  Sex-disaggregation but not age-disaggregation.,Fully usable to administrative level 3. ,No fully usable data. ,40,2,5,1,1,1,4,3,4,4,4,,
ERI,ROSEA,Eritrea,Operational,https://data.humdata.org/dataset/eritrea-admin-level-1-boundaries,1,HDX,https://data.humdata.org/dataset/eritrea-2001-population,3,WORKING,,2001,,Age and Sex dissagregated data unavailable,Fully usable to administrative level 2. ,No fully usable data. ,40,2,7,1,1,4,4,3,3,4,4,,
ESH,ROMENA,Western Sahara,Preparedness,https://data.humdata.org/dataset/western-sahara-administrative-boundaries-levels-0-1-populated-places,1,n/a,,4,INAPPLICABLE,,,Lacking proper P-codes, incorrect zipping,No population statistics COD,Fully usable at administrative level 1 only. ,No dataset.,45,2,14,1,4,4,4,5,5,5,5,
ETH,ROSEA,Ethiopia,Operational,https://data.humdata.org/dataset/ethiopia-cod-ab,1,HDX,https://data.humdata.org/dataset/ethiopia-population-data-_-admin-level-0-3,2,WORKING,,2021,Two COD-PS features are excluded from COD-AB.,SADD not fully integrated.  ENDORSED by Information Mangement Working Group,Fully usable to administrative level 3. ,No fully usable data. ,40,2,8,1,1,1,4,2,2,2,4,,
FJI,OP,Fiji,Preparedness,https://data.humdata.org/dataset/fiji-administrative-boundaries,1,n/a,https://data.humdata.org/dataset/fiji-administrative-level-0-1-2-and-3-population-statistics,1,WORKING,,2017,,,Fully usable to administrative level 3. ,Fully usable to administrative level 3. ,40,2,4,1,1,1,4,1,1,1,4,,
FSM,OP,Micronesia (Federated States of),Preparedness,https://data.humdata.org/dataset/fsm-2010-administrative-level-0-2-boundaries,1,n/a,https://data.humdata.org/dataset/fsm-2010-administrative-level-0-2-sex-and-age-disaggregated-population-statistics,1,WORKING,,2010,,,Fully usable to administrative level 3. ,Fully usable to administrative level 2. ,40,2,32,1,1,1,4,1,1,4,4,,
GAB,ROWCA,Gabon,Preparedness,https://data.humdata.org/dataset/gabon-administrative-boundaries,1,n/a,,4,INAPPLICABLE,,,Source is SALB.  Only Adm0 and 1 available.,No population statistics COD,Fully usable to administrative level 2. ,No dataset.,40,2,5,1,1,4,4,5,5,5,5,,
GEO,ROCCA,Georgia,Preparedness,https://data.humdata.org/dataset/georgia-administrative-level-0-2-boundaries,1,HDX,https://data.humdata.org/dataset/georgia-population-statistics,1,WORKING,,2019,"ADM2 excludes Tbilisi, the Autonomous Republic of Abkhazia, and for the area known as the Provisional Administration.  Gazetteer extends to ADM3.",ADM3 is gazetteer only.,Fully usable at administrative level 1 only. ,Fully usable to administrative level 2. ,45,2,7,1,2,4,4,1,1,3,4,,
GHA,ROWCA,Ghana,Preparedness,https://data.humdata.org/dataset/ghana-administrative-boundaries,1,n/a,,4,INAPPLICABLE,,,NOTE:  OCHA is working to update these boundaries with the 2018 administrative structure as soon as possible.,No population statistics COD,Fully usable to administrative level 2. ,No dataset.,40,2,5,1,1,4,4,5,5,5,5,,
GIN,ROWCA,Guinea,Preparedness,https://data.humdata.org/dataset/guinea-geodatabase,1,HDX,https://data.humdata.org/dataset/guinea-population-statistics,2,WORKING,,2018,Lacking metadata file.  Adm4 unavailable.,SADD incomplete because sex dissagregation of age groups is missing.,Fully usable to administrative level 3. ,No fully usable data. ,40,2,6,1,1,1,4,2,2,2,4,,
GLP,ROLAC-Caribbean,Guadeloupe,Preparedness,https://data.humdata.org/dataset/guadalupe-administrative-level-0-1-and-2-boundaries-from-gadm,1,n/a,https://data.humdata.org/dataset/guadeloupe-administrative-level-0-1-and-2-sadd-2016-population-statistics,1,WORKING,,2016,"Sourced from www.gadm.org; only Adm0, Adm1, and adm2 available.",,Fully usable to administrative level 2. ,Fully usable to administrative level 2. ,40,2,10,1,1,4,4,1,1,4,4,,
GMB,ROWCA,Gambia,Preparedness,https://data.humdata.org/dataset/gambia-administrative-boundaries,1,n/a,https://data.humdata.org/dataset/gambia-population-statistics,2,WORKING,,2020,"Lacking clear methodology, tabular data. metadata, etc.  Boundaries only available for Adm0, Adm1, and Adm2.",,Fully usable to administrative level 2. ,No fully usable data. ,40,2,6,1,1,4,4,2,2,4,4,,
GNB,ROWCA,Guinea-Bissau,Preparedness,https://data.humdata.org/dataset/guinea-bissau-administrative-boundaries,1,n/a,,4,INAPPLICABLE,,,Sourced from SALB,No population statistics COD,Fully usable to administrative level 2. ,No dataset.,40,2,13,1,1,4,4,5,5,5,5,,
GNQ,ROWCA,Equatorial Guinea,Preparedness,https://data.humdata.org/dataset/equatorial-guinea-administrative-boundaries,1,n/a,,4,INAPPLICABLE,,,"Sourced from www.gadm.org; only Adm0, and adm1 available.",No population statistics COD,Fully usable at administrative level 1 only. ,No dataset.,45,2,17,1,4,4,4,5,5,5,5,,
GRC,Europe,Greece,Preparedness,https://data.humdata.org/dataset/gree,1,n/a,,4,INAPPLICABLE,,,Shapefiles not properly arranged on HDX.  P-codes valid but not in usual format.,No population statistics COD,Fully usable to administrative level 2. ,No dataset.,40,2,6,1,1,4,4,5,5,5,5,,
GRD,ROLAC-Caribbean,Grenada,Preparedness,https://data.humdata.org/dataset/grenada-administrative-level-0-nation-and-1-parish-boundaries,1,n/a,https://data.humdata.org/dataset/grenada-subnational-population-statistics,1,WORKING,,2011,Sourced from www.gadm.org, only Adm0 and Adm1 available.,,Fully usable at administrative level 1 only. ,Fully usable at administrative level 1 only. ,45,2,7,1,4,4,4,1,4,4,4,
GTM,ROLAC-Latin-America,Guatemala,Preparedness,https://data.humdata.org/dataset/guatemala-administrative-level-0-national-1-departments-and-2-municipalities,1,HDX,https://data.humdata.org/dataset/guatemala-subnational-population-statistics,1,WORKING,,2018,,Administrative level 2 has minor mismatches with COD-AB.,Fully usable to administrative level 2. ,Fully usable to administrative level 2. ,40,2,9,1,1,4,4,1,1,4,4,,
GUF,ROLAC-Latin-America,French Guiana,Preparedness,https://data.humdata.org/dataset/french-guiana-administrative-level-0-1-and-2-boundaries,1,n/a,https://data.humdata.org/dataset/french-guiana-subnational-population-statistics,1,WORKING,,2016,,,Fully usable to administrative level 2. ,Fully usable to administrative level 2. ,40,2,13,1,1,4,4,1,1,4,4,,
GUY,ROLAC-Latin-America,Guyana,Preparedness,https://data.humdata.org/dataset/guyana-administrative-level-0-1-and-2-boundaries,1,n/a,https://data.humdata.org/dataset/guyana-administrative-level-0-1-population-statistics,1,WORKING,,2012,Improved boundaries,Metadata to be verified.,Fully usable to administrative level 2. ,Fully usable at administrative level 1 only. ,40,2,6,1,1,4,4,1,4,4,4,,
HND,ROLAC-Latin-America,Honduras,Preparedness,https://data.humdata.org/dataset/honduras-admin-level-1-boundaries,1,HDX,https://data.humdata.org/dataset/proyecciones-de-poblacion-por-area-y-sexo-segun-departamento-y-municipio,1,WORKING,,2020,"ADM3 excluded from standard shapefile, geodatabase, and EMF files due to inconsistencies.",,Fully usable to administrative level 3. ,Fully usable to administrative level 2. ,40,2,8,1,1,1,4,1,1,4,4,,
HTI,ROLAC-Caribbean,Haiti,Operational,https://data.humdata.org/dataset/hti-polbndl-adm1-cnigs-zip,1,HDX,,4,INAPPLICABLE,,,,No population statistics COD,Fully usable to administrative level 3. ,No dataset.,40,2,5,1,1,1,4,5,5,5,5,,
IDN,ROAP,Indonesia,Preparedness,https://data.humdata.org/dataset/indonesia-administrative-boundary-polygons-lines-and-places-levels-0-4b,1,HDX,https://data.humdata.org/dataset/indonesia-subnational-population-statistics,1,WORKING,,2020,,,Fully usable to administrative level 4. ,Fully usable to administrative level 2. ,40,2,9,1,1,1,1,1,1,4,4,,
IRN,ROMENA,Iran (Islamic Republic of),Preparedness,https://data.humdata.org/dataset/administrative-boundaries-1-2,1,HDX,https://data.humdata.org/dataset/population-statistics,1,WORKING,,2016,,Only adm0 and 1 have integrated sex and age data disaggregation.,Fully usable to administrative level 2. ,Fully usable at administrative level 1 only. ,40,2,26,1,1,4,4,1,3,4,4,,
IRQ,ROMENA,Iraq,Operational,https://data.humdata.org/dataset/iraq-admin-level-1-boundaries,1,HDX,,4,INAPPLICABLE,,,,No population statistics COD,Fully usable to administrative level 2. ,No dataset.,40,2,4,1,1,4,4,5,5,5,5,,
JAM,ROLAC-Caribbean,Jamaica,Preparedness,https://data.humdata.org/dataset/jamaica-administrative-level-0-nation-and-1-parish-boundaries,1,n/a,https://data.humdata.org/dataset/jamaica-administrative-level-0-1-population-statistics,1,WORKING,,2011,Sourced from www.gadm.org, only Adm0 and Adm1 available.,,Fully usable at administrative level 1 only. ,Fully usable at administrative level 1 only. ,45,2,7,1,4,4,4,1,4,4,4,
JPN,ROAP,Japan,Preparedness,https://data.humdata.org/dataset/japan-administrative-level-0-2-boundaries,1,n/a,,4,INAPPLICABLE,,,,No population statistics COD,Fully usable to administrative level 2. ,No dataset.,40,2,5,1,1,4,4,5,5,5,5,,
KAZ,ROCCA,Kazakhstan,Preparedness,https://data.humdata.org/dataset/kazakhstan-administrative-boundaries-taxonomy,1,n/a,https://data.humdata.org/dataset/kazakhstan-population-statistics,1,WORKING,,2016,,,Fully usable to administrative level 2. ,Fully usable to administrative level 2. ,40,2,10,1,1,4,4,1,1,4,4,,
KEN,ROSEA,Kenya,Preparedness,https://data.humdata.org/dataset/ken-administrative-boundaries,1,HDX,https://data.humdata.org/dataset/kenya-population-projection-by-county-2009-2018-and-subcounty-2015,3,NOT WORKING,,2019,,Configuration issues reduce usability.  No SADD.  Tabs unclear.  .csv files should be constructed.,Fully usable to administrative level 2. ,No fully usable data. ,40,2,5,1,1,4,4,3,3,4,4,,
KGZ,ROCCA,Kyrgyzstan,Preparedness,https://data.humdata.org/dataset/kyrgyzstan-administrative-boundaries,1,HDX,https://data.humdata.org/dataset/kyrgyzstan-population-statistics,1,NOT WORKING,,2018,,Adm3 and Adm0-2 are from differnt sources.  There is an Adm3 file that does not have SADD and is excluded from this evaluation.,Fully usable to administrative level 3. ,Fully usable at administrative level 1 only. ,40,2,10,1,1,1,4,1,3,3,4,,
KHM,ROAP,Cambodia,Preparedness,https://data.humdata.org/dataset/cambodia-admin-level-0-international-boundaries,1,HDX,https://data.humdata.org/dataset/cambodia-population-statistics,1,WORKING,,2020,NOTE caveat about records that do not match the COD-AB.,Note caveat about records that do not match the COD-AB.,Fully usable to administrative level 3. ,Fully usable to administrative level 3. ,40,2,8,1,1,1,4,1,1,1,4,,
KIR,OP,Kiribati,Preparedness,https://data.humdata.org/dataset/kiribati-administrative-level-0-2-boundaries,1,n/a,https://data.humdata.org/dataset/kiribati-administrative-level-0-2-2015-sex-and-age-disaggregated-population-statistics,1,WORKING,,2015,,,Fully usable to administrative level 2. ,Fully usable to administrative level 2. ,40,2,8,1,1,4,4,1,1,4,4,,
KNA,ROLAC-Caribbean,Saint Kitts and Nevis,Preparedness,https://data.humdata.org/dataset/saint-kitts-and-nevis-administrative-level-0-nation-and-1-parish-boundaries,1,n/a,https://data.humdata.org/dataset/saint-kitts-and-nevis-administrative-level-0-1-population-statistics,1,WORKING,,2000,Sourced from www.gadm.org, only Adm0 and Adm1 available.,,Fully usable at administrative level 1 only. ,Fully usable to administrative level 2. ,45,2,21,1,4,4,4,1,1,4,4,
KWT,ROMENA,Kuwait,Preparedness,https://data.humdata.org/dataset/kuwait-administrative-boundaries-levels-1-2-populated-places,3,n/a,,4,INAPPLICABLE,,,P-codes not properly constructed.,No population statistics COD,No fully usable data. ,No dataset.,22,2,6,3,4,4,4,5,5,5,5,,
LAO,ROAP,Lao People's Democratic Republic,Preparedness,https://data.humdata.org/dataset/lao-admin-boundaries,1,HDX,https://data.humdata.org/dataset/lao-pdr-population-statistics,1,WORKING,,2015,,WARNING:  ADM2 age data calculated from ADM1 ratios.,Fully usable to administrative level 2. ,Fully usable to administrative level 2. ,40,2,32,1,1,4,4,1,1,4,4,,
LBN,SC,Lebanon,Operational,https://data.humdata.org/dataset/lebanon-administrative-boundaries-levels-0-3,1,HDX,,4,INAPPLICABLE,,,Beirut ADM4 from different source.  P-coded but boundary does not match.,No population statistics COD,Fully usable to administrative level 3. ,No dataset.,40,2,7,1,1,1,2,5,5,5,5,,
LBR,ROWCA,Liberia,Preparedness,https://data.humdata.org/dataset/liberia-admin-level-2-boundaries,1,HDX,https://data.humdata.org/dataset/liberia-population-statistics,2,WORKING,,2020, Link to COD-PS is at ADM1 level only.,"WARNING:  Sex disaggregation is only for the whole country, not for each age-cohort.",Fully usable to administrative level 2. ,No fully usable data. ,40,2,7,1,1,4,4,2,2,3,4,,
LBY,ROMENA,Libya,Operational,https://data.humdata.org/dataset/admin-boundaries-villages-libya-cods,1,HDX,,4,INAPPLICABLE,,,,No population statistics COD,Fully usable to administrative level 2. ,No dataset.,40,2,5,1,1,4,4,5,5,5,5,,
LCA,ROLAC-Caribbean,Saint Lucia,Preparedness,https://data.humdata.org/dataset/saint-lucia-administrative-level-0-nation-and-1-quarter-boundaries,1,n/a,https://data.humdata.org/dataset/st-lucia-administrative-levels-0-1-sex-and-age-disaggregated-population-statistics,1,WORKING,,2010,Sourced from www.gadm.org, only Adm0 and Adm1 available.,,Fully usable at administrative level 1 only. ,Fully usable at administrative level 1 only. ,45,2,11,1,4,4,4,1,4,4,4,
LKA,ROAP,Sri Lanka,Preparedness,https://data.humdata.org/dataset/sri-lanka-administrative-levels-0-4-boundaries,1,HDX,https://data.humdata.org/dataset/sri-lanka-subnational-population-statistics,1,WORKING,,2022,,,Fully usable to administrative level 4. ,Fully usable to administrative level 2. ,40,2,9,1,1,1,1,1,1,4,4,,
LSO,ROSEA,Lesotho,Preparedness,https://data.humdata.org/dataset/lesotho-administrative-level-0-2-boundaries,1,n/a,https://data.humdata.org/dataset/lesotho-population-statistics,1,WORKING,,2016,,ADM1 has sex disaggregation only.  (ADM0 has SADD but the ADM0 evaluation does not contibute to the overall evaluation.),Fully usable to administrative level 2. ,No fully usable data. ,40,2,7,1,1,4,4,3,4,4,4,,
MAF,ROLAC-Caribbean,Saint Martin (French part),Preparedness,https://data.humdata.org/dataset/saint-martin-administrative-level-0-nation-boundaries,3,n/a,https://data.humdata.org/dataset/saint-martin-administrative-level-0-1-sex-and-age-disaggregated-population-statistics,1,INAPPLICABLE,,2016,Only ADM0 is available.  CODs require at least ADM1 to be evaluated as 'fully usable',,No fully usable data. ,Fully usable at administrative level 1 only. ,22,2,26,4,4,4,4,1,4,4,4,,
MAR,ROMENA,Morocco,Preparedness,https://data.humdata.org/dataset/morocco-administrative-boundaries-populated-places,1,HDX,,4,INAPPLICABLE,,,,No population statistics COD,Fully usable to administrative level 2. ,No dataset.,40,2,7,1,1,4,4,5,5,5,5,,
MDA,Europe,Republic of Moldova,Preparedness,https://data.humdata.org/dataset/moldova-administrative-level-0-1-boundaries,1,n/a,,4,INAPPLICABLE,,,,No population statistics COD,Fully usable at administrative level 1 only. ,No dataset.,45,2,19,1,4,4,4,5,5,5,5,,
MDG,ROSEA,Madagascar,Preparedness,https://data.humdata.org/dataset/madagascar-administrative-level-0-4-boundaries,1,n/a,https://data.humdata.org/dataset/madagascar-administrative-level-0-4-population-statistics,3,WORKING,,2018,,Age and sex data disaggregation lacking.,Fully usable to administrative level 4. ,No fully usable data. ,40,2,10,1,1,1,1,3,3,3,3,,
MDV,ROAP,Maldives,Preparedness,https://data.humdata.org/dataset/maldives-administrative-boundaries-polygon-polyline,1,n/a,,4,INAPPLICABLE,,,,No population statistics COD,Fully usable to administrative level 3. ,No dataset.,40,2,8,1,1,1,4,5,5,5,5,,
MEX,ROLAC-Latin-America,Mexico,Preparedness,https://data.humdata.org/dataset/mexican-administrative-level-0-country-1-estado-and-2-municipio-boundary-polygons,1,HDX,https://data.humdata.org/dataset/mexican-administrative-level-0-1-and-2-and-populated-places-population-statistics,1,WORKING,,2010,,,Fully usable to administrative level 2. ,Fully usable to administrative level 2. ,40,2,6,1,1,4,4,1,1,4,4,,
MHL,OP,Marshall Islands,Preparedness,https://data.humdata.org/dataset/marshall-islands-administrative-levels-0-2-boundaries,1,n/a,https://data.humdata.org/dataset/marshall-islands-administrative-level-0-2-population-statistics,1,WORKING,,2011,,,Fully usable to administrative level 2. ,Fully usable to administrative level 2. ,40,2,16,1,1,4,4,1,1,4,4,,
MKD,Europe,Republic of North Macedonia,Preparedness,https://data.humdata.org/dataset/fyrom-administrative-levels-1-4-from-eurogeographics-and-ntes,2,n/a,,4,INAPPLICABLE,,,"Created independently.  Unclear level naming (""0,2"", ""3"", ""4"").  Topology errors and duplicated ADM4 Pcodes.",No population statistics COD,No fully usable data. ,No dataset.,22,2,27,2,2,4,4,5,5,5,5,,
MLI,ROWCA,Mali,Operational,https://data.humdata.org/dataset/administrative-boundaries-cod-mli,1,HDX,https://data.humdata.org/dataset/population-projection-2018-of-mali-admin-levels-3-disaggregated-by-sex,3,WORKING,,2018,,Only sex dissagreggation.,Fully usable to administrative level 3. ,No fully usable data. ,40,2,4,1,1,1,4,3,3,3,4,,
MMR,ROAP,Myanmar,Operational,https://data.humdata.org/group/mmr?ext_cod=1#dataset-filter-start,3,n/a,https://data.humdata.org/group/mmr?ext_cod=1#dataset-filter-start,3,NOT WORKING,,,Myanmar CODs are managed by Myanmar Information Management Unit rather than OCHA.,Myanmar CODs are managed by Myanmar Information Management Unit rather than OCHA.,No fully usable data. ,No fully usable data. ,22,2,7,3,3,4,4,4,4,3,4,,
MNG,ROAP,Mongolia,Preparedness,https://data.humdata.org/dataset/mongolia-administrative-boundaries-polygon-polyline,1,HDX,https://data.humdata.org/dataset/mongolia-other,1,WORKING,,2017,Dataset also includes a special 'Region' level (between ADM0 and ADM1).,WARNING  Age disaggregation from national ratios.,Fully usable to administrative level 2. ,Fully usable to administrative level 2. ,40,2,8,1,1,4,4,1,1,4,4,,
MOZ,ROSEA,Mozambique,Preparedness,https://data.humdata.org/dataset/mozambique-administrative-levels-0-3,1,HDX,https://data.humdata.org/dataset/mozambique-subnational-population-statistics,1,WORKING,,2017,,Link to COD-AB for ADM0-2,Fully usable to administrative level 3. ,Fully usable to administrative level 2. ,40,2,10,1,1,1,4,1,1,4,4,,
MRT,ROWCA,Mauritania,Preparedness,https://data.humdata.org/dataset/mauritania-administrative-boundaries,1,HDX,https://data.humdata.org/dataset/mauritania-population-statistics,2,WORKING,,2018,ADM2 does not match COD-PS,ENDORSED.  Sex and age disaggregation not integrated.  ADM2 does not match COD-AB.,Fully usable to administrative level 2. ,No fully usable data. ,40,2,10,1,1,4,4,2,2,4,4,,
MSR,ROLAC-Caribbean,Montserrat,Preparedness,https://data.humdata.org/dataset/montserrat-administrative-level-0-nation-and-1-parish-boundaries,1,n/a,https://data.humdata.org/dataset/montserrat-administrative-level-0-1-sadd-2011-population-statistics,1,WORKING,,2011,Sourced from www.gadm.org, only Adm0 and Adm1 available.,,Fully usable at administrative level 1 only. ,Fully usable at administrative level 1 only. ,45,2,10,1,4,4,4,1,4,4,4,
MTQ,ROLAC-Caribbean,Martinique,Preparedness,https://data.humdata.org/dataset/martinique-administrative-level-0-nation-level-1-arrondissement-and-level-2-commune-boundaries,1,n/a,https://data.humdata.org/dataset/martinique-administrative-level-0-nation-level-1-arrondissement-and-level-2-commune-boundaries,1,WORKING,,2016,,,Fully usable to administrative level 2. ,Fully usable to administrative level 2. ,40,2,10,1,1,4,4,1,1,4,4,,
MUS,ROSEA,Mauritius,Preparedness,https://data.humdata.org/dataset/mauritius-administrative-level-0-1-boundaries,1,n/a,https://data.humdata.org/dataset/mauritius-subnational-population-statistics,1,WORKING,,2018,COD-AB includes two unihabited features that are excluded from the COD-PS,COD-PS excludes two uninhabited features.,Fully usable at administrative level 1 only. ,Fully usable at administrative level 1 only. ,45,2,9,1,4,4,4,1,4,4,4,,
MWI,ROSEA,Malawi,Preparedness,https://data.humdata.org/dataset/malawi-administrative-level-0-3-boundaries,1,HDX,https://data.humdata.org/dataset/malawi-administrative-level-0-3-population-statistics,3,WORKING,,2008,,ENDORSED by IMWG.  No age disaggregation.,Fully usable to administrative level 3. ,No fully usable data. ,40,2,6,1,1,1,4,3,3,3,4,,
MYS,ROAP,Malaysia,Preparedness,https://data.humdata.org/dataset/malaysia-administrative-level-0-2-boundaries,1,n/a,https://data.humdata.org/dataset/malaysia-administrative-level-0-4-sadd-population-statistics-tables,1,WORKING,,2010,,,Fully usable to administrative level 2. ,Fully usable to administrative level 4. ,40,2,8,1,1,4,4,1,1,1,1,,
NAM,ROSEA,Namibia,Preparedness,https://data.humdata.org/dataset/namibia-admin-level-1-boundaries,1,HDX,https://data.humdata.org/dataset/namibia-administrative-level-0-2-population-statisticsx,2,WORKING,,2011,,Age data disaggregation unavailable.,Fully usable to administrative level 2. ,No fully usable data. ,40,2,7,1,1,4,4,2,2,4,4,,
NER,ROWCA,Niger,Operational,https://data.humdata.org/dataset/niger-administrative-boundaries,1,HDX,https://data.humdata.org/dataset/niger-administrative-level-0-3-population-statistics,3,WORKING,,2018,Metadata lacking.,Age dissagregation lacking.  WARNING:  ADM2 and ADM3 sex disaggregation based on ADM1 ratios. ,Fully usable to administrative level 2. ,No fully usable data. ,40,2,5,1,1,4,4,3,3,3,4,,
NGA,ROWCA,Nigeria,Operational,https://data.humdata.org/dataset/nga-administrative-boundaries,1,HDX,https://data.humdata.org/dataset/nigeria-2016-population-data,3,WORKING,,2006,"Admin level 3 only covers Yobe , Borno, and Adamawa states.  Senatorial districts also provided.",SADD not currently possible.  Adm3 and Adm4 unavailable.,Fully usable to administrative level 3. ,No fully usable data. ,40,2,7,1,1,1,4,3,3,4,4,,
NIC,ROLAC-Latin-America,Nicaragua,Preparedness,https://data.humdata.org/dataset/nicaragua-administrative-level-0,1,HDX,https://data.humdata.org/dataset/nicaragua-subnational-population-statistics,1,WORKING,,2005,Sourced from www.gadm.org.,,Fully usable to administrative level 2. ,Fully usable at administrative level 1 only. ,40,2,9,1,1,4,4,1,4,4,4,,
NPL,ROAP,Nepal,Preparedness,https://data.humdata.org/dataset/administrative-bounadries-of-nepal,1,HDX,https://data.humdata.org/dataset/nepal-population-statistics-census-2011,1,WORKING,,2011,HDX also includes a district level.  ADM1 feature names updated 2020_11_17 are not reflected in ITOS live services.,COD-PS also includes a special 'district' table.  ADM1 attribute names updated 2020_11_17.,Fully usable to administrative level 2. ,Fully usable to administrative level 2. ,40,2,5,1,1,4,4,1,1,4,4,,
OMN,ROMENA,Oman,Preparedness,https://data.humdata.org/dataset/oman-administrative-boundaries-populated-places,3,n/a,,4,INAPPLICABLE,,,P-codes not properly constructed,No population statistics COD,No fully usable data. ,No dataset.,22,2,4,3,3,4,4,5,5,5,5,,
PAK,ROAP,Pakistan,Operational,https://data.humdata.org/dataset/pakistan-administrative-level-0-1-2-and-3-boundary-polygons-lines-and-central-places,1,HDX,https://data.humdata.org/dataset/pakistan-administrative-level-0-3-population-statistics,3,WORKING,,2017,,Data disaggregated by sex only.,Fully usable to administrative level 3. ,No fully usable data. ,40,2,8,1,1,1,4,3,3,3,4,,
PAN,ROLAC-Latin-America,Panama,Preparedness,https://data.humdata.org/dataset/panama-administrative-level-0-1-2-and-3-boundaries,1,n/a,https://data.humdata.org/dataset/panama-subnational-population-statistics,1,WORKING,,2020,,,Fully usable to administrative level 3. ,Fully usable to administrative level 2. ,40,2,6,1,1,1,4,1,1,4,4,,
PER,ROLAC-Latin-America,Peru,Preparedness,https://data.humdata.org/dataset/limites-de-peru,1,HDX,https://data.humdata.org/dataset/proyeccion-de-poblacion-por-distrito-y-edad-de-peru,1,WORKING,,2017,,,Fully usable to administrative level 3. ,Fully usable to administrative level 2. ,40,2,4,1,1,1,4,1,1,4,4,,
PHL,ROAP,Philippines,Operational,https://data.humdata.org/dataset/philippines-administrative-levels-0-to-3,1,HDX,https://data.humdata.org/dataset/philippines-2015-census-population-administrative-level-1-to-4,1,WORKING,,2015,Adm4 unavailable for public use,,Fully usable to administrative level 3. ,Fully usable to administrative level 4. ,40,2,11,1,1,1,4,1,1,1,1,,
PNG,ROAP,Papua New Guinea,Preparedness,https://data.humdata.org/dataset/papua-new-guinea-admin-level-0-international-boundaries,1,HDX,https://data.humdata.org/dataset/papua-new-guinea-administrative-level-0-1-2-and-3-population-statistics,1,WORKING,,2011,,,Fully usable to administrative level 3. ,Fully usable to administrative level 3. ,40,2,16,1,1,1,4,1,1,1,4,,
PRI,ROLAC-Caribbean,Puerto Rico,Preparedness,https://data.humdata.org/dataset/peurto-rico-admin0-and-admin1,1,n/a,https://data.humdata.org/dataset/puerto-rico-administrative-level-0-1-sadd-population-statistics,1,WORKING,,2010,Sourced from www.gadm.org, only Adm0 and Adm1 available.,,Fully usable at administrative level 1 only. ,Fully usable at administrative level 1 only. ,45,2,11,1,4,4,4,1,4,4,4,
PRK,ROAP,Democratic People's Republic of Korea,Preparedness,https://data.humdata.org/dataset/dpr-korea-administrative-boundaries,1,HDX,https://data.humdata.org/dataset/dpr-korea-administrative-level-0-2-population-statistics,3,NOT WORKING,,2008,,Age disaggregation lacking,Fully usable to administrative level 2. ,No fully usable data. ,40,2,37,1,1,4,4,3,3,4,4,,
PRY,ROLAC-Latin-America,Paraguay,Preparedness,https://data.humdata.org/dataset/paraguay-administrative-level-0-boundaries,1,n/a,https://data.humdata.org/dataset/paraguay-subnational-population-statistics,1,WORKING,,2020,P-codes altered 2020_06_16,,Fully usable to administrative level 2. ,Fully usable at administrative level 1 only. ,40,2,8,1,1,4,4,1,4,4,4,,
PSE,ROMENA,State of Palestine,Operational,https://data.humdata.org/dataset/state-of-palestine-administrative-boundaries,1,SUSPENDED,https://data.humdata.org/dataset/stateofpalestine_population_projection_1997-2021,3,WORKING,,2019,Restructured 2020_11_09,Restructured 2020_11_10,Fully usable to administrative level 2. ,No fully usable data. ,40,2,18,1,1,4,4,3,3,4,4,,
QAT,ROMENA,Qatar,Preparedness,https://data.humdata.org/dataset/qatar-administrative-boundaries-populated-places,3,n/a,,4,INAPPLICABLE,,,P-codes not properly constructed,No population statistics COD,No fully usable data. ,No dataset.,22,2,5,3,4,4,4,5,5,5,5,,
RWA,ROSEA,Rwanda,Preparedness,https://data.humdata.org/dataset/rwanda-administrative-boundaries-level-1-4,1,n/a,https://data.humdata.org/dataset/rwanda-population-statistics,3,WORKING,,2012,Adm4 does not cover the whole country,Age disaggregation missing.,Fully usable to administrative level 3. ,No fully usable data. ,40,2,6,1,1,1,2,3,3,4,4,,
SAU,ROMENA,Saudi Arabia,Preparedness,https://data.humdata.org/dataset/saudi-arabia-administrative-boundaries,3,n/a,,4,INAPPLICABLE,,,P-codes not properly constructed,No population statistics COD,No fully usable data. ,No dataset.,22,2,12,3,4,4,4,5,5,5,5,,
SDN,ROSEA,Sudan,Operational,https://data.humdata.org/dataset/sudan-administrative-boundaries-levels-0-2,1,HDX,,4,INAPPLICABLE,,,,No population statistics COD,Fully usable to administrative level 2. ,No dataset.,40,2,5,1,1,4,4,5,5,5,5,,
SEN,ROWCA,Senegal,Preparedness,https://data.humdata.org/dataset/senegal-administrative-boundaries,1,HDX,https://data.humdata.org/dataset/senegal-population-statistics,2,WORKING,,2020,"COD-PS link at ADM0, ADM1, and ADM2 only",Sex and age data dissaggregation not integrated.,Fully usable to administrative level 3. ,No fully usable data. ,40,2,7,1,1,1,4,2,2,2,3,,
SLB,OP,Solomon Islands,Preparedness,https://data.humdata.org/dataset/solomon-islands-administrative-level-0-1-2-and-3-boundary-polygons,1,n/a,https://data.humdata.org/dataset/solomon-islands-administrative-level-0-1-2-and-3-population-statistics,1,WORKING,,2009,,,Fully usable to administrative level 3. ,Fully usable to administrative level 3. ,40,2,15,1,1,1,4,1,1,1,4,,
SLE,ROWCA,Sierra Leone,Preparedness,https://data.humdata.org/dataset/sierra-leone-all-ad-min-level-boundaries,1,HDX,https://data.humdata.org/dataset/sierra-leone-population,2,WORKING,,2020,Metadata required.,ENDORSED by IMWG.  Sex and age disaggregation not integrated.,Fully usable to administrative level 4. ,No fully usable data. ,40,2,12,1,1,1,1,2,2,2,4,,
SLV,ROLAC-Latin-America,El Salvador,Preparedness,https://data.humdata.org/dataset/el-salvador-administrative-level-0-1-and-2-boundaries,1,n/a,https://data.humdata.org/dataset/censo-de-poblacion-y-vivienda-el-salvador-2007,1,WORKING,,2007,"Sourced from www.gadm.org; only Adm0, Adm1, and Adm2",,Fully usable to administrative level 2. ,Fully usable to administrative level 2. ,40,2,11,1,1,4,4,1,1,4,4,,
SOM,ROSEA,Somalia,Operational,https://data.humdata.org/dataset/somalia-administrative-boundaries,1,HDX,https://data.humdata.org/dataset/somalia-population-data,3,WORKING,,2014,,SADD data unavailable.,Fully usable to administrative level 2. ,No fully usable data. ,40,2,7,1,1,4,4,3,3,4,4,,
SSD,ROSEA,South Sudan,Operational,https://data.humdata.org/dataset/south-sudan-administrative-boundaries,1,HDX,https://data.humdata.org/dataset/south-sudan-administrative-levels-0-2-2020-population-estimates,1,WORKING,,2021,ENDORSED.  Abyei region included in administrative level 2 layer and as a separate layer,2021 projections ENDORSED by Inter Cluster Coordinating Group (ICCG) and Humanitarian Country Team (HCT).,Fully usable to administrative level 2. ,Fully usable to administrative level 2. ,40,2,11,1,1,4,4,1,1,4,4,,
STP,ROWCA,Sao Tome and Principe,Preparedness,https://data.humdata.org/dataset/sao-tome-and-principe-administrative-boundaries,1,n/a,https://data.humdata.org/dataset/sao-tome-and-principe-administrative-level-0-1-population-statistics,1,WORKING,,2020,Sourced from www.gadm.org.,,Fully usable to administrative level 2. ,Fully usable to administrative level 2. ,40,2,21,1,1,4,4,1,1,4,4,,
SUR,ROLAC-Latin-America,Suriname,Preparedness,https://data.humdata.org/dataset/suriname-administrative-level-0-1-and-2-boundaries,1,n/a,https://data.humdata.org/dataset/suriname-administrative-level-0-2-sex-and-age-disaggregated-population-statistics,1,WORKING,,2012,"Sourced from www.gadm.org; only Adm0, Adm1, and adm2 available.",,Fully usable to administrative level 2. ,Fully usable to administrative level 2. ,40,2,8,1,1,4,4,1,1,4,4,,
SWZ,ROSEA,Kingdom of Eswatini,Preparedness,https://data.humdata.org/dataset/kingdom-of-eswatini-subnational-administrative-boundaries,1,HDX,https://data.humdata.org/dataset/kingdom-of-eswatini-subnational-population-statistics,1,WORKING,,2017,,Only ADM1 (and 0) has SADD.,Fully usable to administrative level 2. ,Fully usable at administrative level 1 only. ,40,2,19,1,1,4,4,1,3,4,4,,
SXM,ROLAC-Caribbean,Sint Maarten (Dutch part),Preparedness,https://data.humdata.org/dataset/sint-maarten-administrative-level-0-1-boundaries,1,n/a,https://data.humdata.org/dataset/sint-maarten-administrative-level-0-2-population-statistics,1,WORKING,,2011,,,Fully usable at administrative level 1 only. ,Fully usable to administrative level 2. ,45,2,25,1,4,4,4,1,1,4,4,,
SYC,ROSEA,Seychelles,Preparedness,https://data.humdata.org/dataset/seychelles-subnational-administrative-boundaries,1,n/a,https://data.humdata.org/dataset/seychelles-subnational-population-statistics,1,WORKING,,2019,,,Fully usable to administrative level 3. ,Fully usable to administrative level 3. ,40,2,10,1,1,1,4,1,1,1,4,,
SYR,SC,Syrian Arab Republic,Operational,https://data.humdata.org/dataset/syrian-arab-republic-administrative-boundaries-populated-places,1,HDX,,4,INAPPLICABLE,,,Syria also includes an urban 'neighborhoods' polygon layer and a 'humanitarian location' points layer. ,No population statistics COD,Fully usable to administrative level 3. ,No dataset.,40,2,20,1,1,1,4,5,5,5,5,,
TCA,ROLAC-Caribbean,Turks and Caicos Islands,Preparedness,https://data.humdata.org/dataset/turks-and-caicos-islands-administrative-level-0-nation-and-1-district-boundaries,1,n/a,https://data.humdata.org/dataset/turks-and-caicos-administrative-levels-0-1-population-statistics,3,WORKING,,2019,Sourced from www.gadm.org, only Adm0 and Adm1 available.,sex disaggregation only,Fully usable at administrative level 1 only. ,No fully usable data. ,45,2,24,1,4,4,4,3,3,4,4,
TCD,ROWCA,Chad,Operational,https://data.humdata.org/dataset/chad-admin-boundaries-admin-1-and-admin-2,1,HDX,https://data.humdata.org/dataset/population-statistics-of-chad,1,WORKING,,2021,(Admin3 only available for Lac region.),ADM2 does not have age dissaggregation,Fully usable to administrative level 3. ,Fully usable at administrative level 1 only. ,40,2,4,1,1,1,4,1,3,4,4,,
TGO,ROWCA,Togo,Preparedness,https://data.humdata.org/dataset/togo-cod-ab,1,HDX,https://data.humdata.org/dataset/togo-administrative-level-0-2-population-statistics,1,WORKING,,2019,Source is GAUL.  Endorsment lacking,,Fully usable to administrative level 2. ,Fully usable to administrative level 2. ,40,2,4,1,1,4,4,1,1,4,4,,
THA,ROAP,Thailand,Preparedness,https://data.humdata.org/dataset/thailand-administrative-boundaries,1,HDX,https://data.humdata.org/dataset/thailand-administrative-levels-0-1-population-statistics,1,WORKING,,2017,,,Fully usable to administrative level 3. ,Fully usable at administrative level 1 only. ,40,2,8,1,1,1,4,1,4,4,4,,
TJK,ROCCA,Tajikistan,Preparedness,,4,SUSPENDED,https://data.humdata.org/dataset/tajikistan-population-statistics,1,INAPPLICABLE,,2010,[MISSING EVALUATION],,No fully usable data. ,Fully usable at administrative level 1 only. ,22,2,10,5,5,5,5,1,3,4,4,,
TLS,ROAP,Timor-Leste,Preparedness,https://data.humdata.org/dataset/timor-leste-administrative-boundaries-levels-0-3,1,HDX,https://data.humdata.org/dataset/2015-census-population-for-timor-leste,1,WORKING,,2015,COD-PS linkage to ADM2 only,,Fully usable to administrative level 3. ,Fully usable at administrative level 1 only. ,40,2,11,1,1,1,4,1,3,4,4,,
TON,OP,Tonga,Preparedness,https://data.humdata.org/dataset/tonga-administrative-level-0-1-2-3-boundary-polygons,1,n/a,https://data.humdata.org/dataset/tonga-administrative-level-0-1-2-and-3-population-statistics#,1,WORKING,,2016,,,Fully usable to administrative level 3. ,Fully usable to administrative level 3. ,40,2,5,1,1,1,4,1,1,1,4,,
TTO,ROLAC-Caribbean,Trinidad and Tobago,Preparedness,https://data.humdata.org/dataset/trinidad-and-tobago-administrative-level-0-national-and-1-region-and-municipality-boundaries,1,n/a,https://data.humdata.org/dataset/trinidad-and-tobago-administrative-levels-0-1-population-statistics,1,WORKING,,2011,Sourced from www.gadm.org, only Adm0 and Adm1 available.  No proper P-codes or P-code nesting,,Fully usable at administrative level 1 only. ,Fully usable at administrative level 1 only. ,45,2,19,1,4,4,4,1,4,4,4,
TUN,ROMENA,Tunisia,Preparedness,https://data.humdata.org/dataset/tunisia-administrative-boundaries-populated-places,1,n/a,,4,INAPPLICABLE,,,P-codes not properly formulated,No population statistics COD,Fully usable at administrative level 1 only. ,No dataset.,45,2,7,1,3,4,4,5,5,5,5,,
TUR,SC,Turkey,Operational,https://data.humdata.org/dataset/turkey-administrative-boundaries-levels-0-1-2,1,n/a,,4,INAPPLICABLE,,,,No population statistics COD,Fully usable to administrative level 2. ,No dataset.,40,2,6,1,1,4,4,5,5,5,5,,
TZA,ROSEA,United Republic of Tanzania,Preparedness,https://data.humdata.org/dataset/tanzania-administrative-boundaries-level-1-to-3-regions-districts-and-wards-with-2012-population,1,n/a,https://data.humdata.org/dataset/tanzania-administrative-levels-0-3-population-statistics,3,WORKING,,2011,,Lacking age disaggregated data.,Fully usable to administrative level 3. ,No fully usable data. ,40,2,27,1,1,1,4,3,3,3,4,,
UGA,ROSEA,Uganda,Preparedness,https://data.humdata.org/dataset/uganda-administrative-boundaries-admin-1-admin-3,1,HDX,https://data.humdata.org/dataset/uganda-administrative-level-population-statistics#,1,WORKING,,2020,,,Fully usable to administrative level 4. ,Fully usable to administrative level 2. ,40,2,6,1,1,1,1,1,1,4,4,,
UKR,Europe,Ukraine,Operational,https://data.humdata.org/dataset/ukraine-administrative-boundaries-as-of-q2-2017,1,HDX,https://data.humdata.org/dataset/ukraine-administrative-levels-0-2-population-statistics,3,WORKING,,2018,,Sex and age data not dissaggregated.,Fully usable to administrative level 4. ,No fully usable data. ,40,2,7,1,1,1,1,3,3,4,4,,
URY,ROLAC-Latin-America,Uruguay,Preparedness,https://data.humdata.org/dataset/uruguay-administrative-level-0-boundaries,1,n/a,https://data.humdata.org/dataset/uruguay-subnational-population-statistics,1,WORKING,,2020,"Sourced from www.gadm.org; only Adm0, Adm1, and adm2 available.",,Fully usable to administrative level 2. ,Fully usable at administrative level 1 only. ,40,2,7,1,1,4,4,1,4,4,4,,
UZB,ROCCA,Uzbekistan,Preparedness,https://data.humdata.org/dataset/ubbekistan-update,1,n/a,https://data.humdata.org/dataset/uzbekistan-administrative-level-0-1-population-statistics-and-level-0-2-gazetteer,1,WORKING,,2018,,SADD only available for ADM0 (and therefore the COD-PS does not qualify as fully useful).,Fully usable to administrative level 2. ,No fully usable data. ,40,2,10,1,1,4,4,3,4,4,4,,
VCT,ROLAC-Caribbean,Saint Vincent and The Grenadines,Preparedness,https://data.humdata.org/dataset/saint-vincent-and-the-grenadines-administrative-level-0-country-and-1-parish-boundaries,1,n/a,,4,INAPPLICABLE,,,Sourced from www.gadm.org, only Adm0 and Adm1 available.,No population statistics COD,Fully usable at administrative level 1 only. ,No dataset.,45,2,32,1,4,4,4,5,5,5,5,
VEN,ROLAC-Latin-America,Venezuela (Bolivarian Republic of),Operational,https://data.humdata.org/dataset/venezuela-administrative-level-0-1-and-2-boundaries,3,n/a,https://data.humdata.org/dataset/venezuela-administrative-level-0-1-2-and-3-population-statistics-and-gazeteer,1,WORKING,,2011,USER ALART.  A DUPLICATE COD-AB has been added.  This is being resolved.,,No fully usable data. ,Fully usable to administrative level 2. ,22,2,34,3,3,3,4,1,1,4,4,,
VGB,ROLAC-Caribbean,British Virgin Islands,Preparedness,https://data.humdata.org/dataset/british-virgin-islands-administrative-level-0-nation-and-1-district-boundaries,1,n/a,https://data.humdata.org/dataset/british-virgin-islands-administrative-level-0-1-population-statistics,1,WORKING,,2010,Sourced from www.gadm.org, only Adm0 and Adm1 available.,,Fully usable at administrative level 1 only. ,Fully usable at administrative level 1 only. ,45,2,22,1,4,4,4,1,4,4,4,
VIR,ROLAC-Caribbean,United States Virgin Islands,Preparedness,https://data.humdata.org/dataset/united-states-virgin-islands-administrative-level-0-nation-1-district-and-2-subdistrict-boundaries,1,n/a,https://data.humdata.org/dataset/united-states-virgin-islands-administrative-level-0-2-disaggregated-population-statistics,1,WORKING,,2010,"Sourced from www.gadm.org; only Adm0, Adm1, and adm2 available.",,Fully usable to administrative level 2. ,Fully usable to administrative level 2. ,40,2,28,1,1,4,4,1,1,4,4,,
VNM,ROAP,Viet Nam,Preparedness,https://data.humdata.org/dataset/viet-nam-administrative-boundaries-polygon-polyline,1,HDX,https://data.humdata.org/dataset/viet-nam-administrative-level-0-2-2009-population-statistics,1,WORKING,,2019,,,Fully usable to administrative level 2. ,Fully usable at administrative level 1 only. ,40,2,8,1,1,4,4,1,4,4,4,,
VUT,OP,Vanuatu,Preparedness,https://data.humdata.org/dataset/vanuatu-administrative-level-0-1-and-2-boundaries,1,HDX,https://data.humdata.org/dataset/vanuatu-administrative-level-0-1-and-2-population-statistics,1,WORKING,,2016,,,Fully usable to administrative level 2. ,Fully usable to administrative level 2. ,40,2,7,1,1,4,4,1,1,4,4,,
YEM,ROMENA,Yemen,Operational,https://data.humdata.org/dataset/yemen-admin-boundaries,1,HDX,,4,INAPPLICABLE,,,,No population statistics COD,Fully usable to administrative level 3. ,No dataset.,40,2,5,1,1,1,4,5,5,5,5,,
ZAF,ROSEA,South Africa,Preparedness,https://data.humdata.org/dataset/south-africa-admin-level-1-boundaries,1,HDX,https://data.humdata.org/dataset/south-africa-administrative-levels-0-3-population-statistics,2,WORKING,,2016,Sourced from South African government,Sex disaggregation unavailable,Fully usable to administrative level 4. ,No fully usable data. ,40,2,12,1,1,1,1,2,2,2,4,,
ZMB,ROSEA,Zambia,Preparedness,https://data.humdata.org/dataset/zambia-administrative-boundaries-level-1-provinces-and-level-2-districts-with-census-2010-population,1,HDX,,4,INAPPLICABLE,,,,No population statistics COD,Fully usable to administrative level 2. ,No dataset.,40,2,6,1,1,4,4,5,5,5,5,,
ZWE,ROSEA,Zimbabwe,Preparedness,https://data.humdata.org/dataset/zimbabwe-administrative-levels-0-3-boundaries,1,HDX,https://data.humdata.org/dataset/zimbabwe-administrative-levels-0-2-population-statistics,1,WORKING,,2019,,,Fully usable to administrative level 3. ,Fully usable to administrative level 2. ,40,2,8,1,1,1,4,1,1,4,4,,