admin0Name_en,admin0Name_ar,admin0Pcode,admin1Name_en,admin1Name_ar,admin1Pcode,admin2Name_en,admin2Name_ar,admin2Pcode,admin3Name_en,admin3Name_ar,admin3Pcode,admin3RefName_en,admin3RefName_ar,admin3AltName1_en,admin3AltName1_ar,admin3AltName2_en,admin3AltName2_ar,LastUpdateDate,validOn,validTo
Syrian Arab Republic,الجمهورية العربية السورية,SY,Idleb,إدلب,SY07,Ariha,أريحا,SY0705,Ariha,مركز أريحا,SY070500,Ariha,مركز أريحا,,,,,2016-09-05,2016-09-05,
Syrian Arab Republic,الجمهورية العربية السورية,SY,Idleb,إدلب,SY07,Ariha,أريحا,SY0705,Ehsem,احسم,SY070501,Ehsem,احسم,,,,,2016-09-05,2016-09-05,
Syrian Arab Republic,الجمهورية العربية السورية,SY,Idleb,إدلب,SY07,Ariha,أريحا,SY0705,Mhambal,محمبل,SY070502,Mhambal,محمبل,,,,,2016-09-05,2016-09-05,
Syrian Arab Republic,الجمهورية العربية السورية,SY,Idleb,إدلب,SY07,Jisr-Ash-Shugur,جسر الشغور,SY0704,Jisr-Ash-Shugur,مركز جسر الشغور,SY070400,Jisr-Ash-Shugur,مركز جسر الشغور,,,,,2016-09-05,2016-09-05,
Syrian Arab Republic,الجمهورية العربية السورية,SY,Idleb,إدلب,SY07,Jisr-Ash-Shugur,جسر الشغور,SY0704,Badama,بداما,SY070401,Badama,بداما,,,,,2016-09-05,2016-09-05,
Syrian Arab Republic,الجمهورية العربية السورية,SY,Idleb,إدلب,SY07,Jisr-Ash-Shugur,جسر الشغور,SY0704,Darkosh,دركوش,SY070402,Darkosh,دركوش,,,,,2016-09-05,2016-09-05,
Syrian Arab Republic,الجمهورية العربية السورية,SY,Idleb,إدلب,SY07,Jisr-Ash-Shugur,جسر الشغور,SY0704,Janudiyeh,الجانودية,SY070403,Janudiyeh,الجانودية,,,,,2016-09-05,2016-09-05,
Syrian Arab Republic,الجمهورية العربية السورية,SY,Idleb,إدلب,SY07,Harim,حارم,SY0703,Harim,مركز حارم,SY070300,Harim,مركز حارم,,,,,2016-09-05,2016-09-05,
Syrian Arab Republic,الجمهورية العربية السورية,SY,Idleb,إدلب,SY07,Harim,حارم,SY0703,Dana,دانا,SY070301,Dana,دانا,,,,,2016-09-05,2016-09-05,
Syrian Arab Republic,الجمهورية العربية السورية,SY,Idleb,إدلب,SY07,Harim,حارم,SY0703,Salqin,سلقين,SY070302,Salqin,سلقين,,,,,2016-09-05,2016-09-05,
Syrian Arab Republic,الجمهورية العربية السورية,SY,Idleb,إدلب,SY07,Harim,حارم,SY0703,Kafr Takharim,كفر تخاريم,SY070303,Kafr Takharim,كفر تخاريم,,,,,2016-09-05,2016-09-05,
Syrian Arab Republic,الجمهورية العربية السورية,SY,Idleb,إدلب,SY07,Harim,حارم,SY0703,Qourqeena,قورقينا,SY070304,Qourqeena,قورقينا,,,,,2016-09-05,2016-09-05,
Syrian Arab Republic,الجمهورية العربية السورية,SY,Idleb,إدلب,SY07,Harim,حارم,SY0703,Armanaz,أرمناز,SY070305,Armanaz,أرمناز,,,,,2016-09-05,2016-09-05,
Syrian Arab Republic,الجمهورية العربية السورية,SY,Idleb,إدلب,SY07,Idleb,مركز إدلب,SY0700,Abul Thohur,أبو الظهور,SY070001,Abul Thohur,أبو الظهور,,,,,2016-09-05,2016-09-05,
Syrian Arab Republic,الجمهورية العربية السورية,SY,Idleb,إدلب,SY07,Idleb,مركز إدلب,SY0700,Bennsh,بنش,SY070002,Bennsh,بنش,,,,,2016-09-05,2016-09-05,
Syrian Arab Republic,الجمهورية العربية السورية,SY,Idleb,إدلب,SY07,Idleb,مركز إدلب,SY0700,Saraqab,سراقب,SY070003,Saraqab,سراقب,,,,,2016-09-05,2016-09-05,
Syrian Arab Republic,الجمهورية العربية السورية,SY,Idleb,إدلب,SY07,Idleb,مركز إدلب,SY0700,Teftnaz,تفتناز,SY070004,Teftnaz,تفتناز,,,,,2016-09-05,2016-09-05,
Syrian Arab Republic,الجمهورية العربية السورية,SY,Idleb,إدلب,SY07,Idleb,مركز إدلب,SY0700,Maaret Tamsrin,معرة تمصرين,SY070005,Maaret Tamsrin,معرة تمصرين,,,,,2016-09-05,2016-09-05,
Syrian Arab Republic,الجمهورية العربية السورية,SY,Idleb,إدلب,SY07,Idleb,مركز إدلب,SY0700,Sarmin,سرمين,SY070006,Sarmin,سرمين,,,,,2016-09-05,2016-09-05,
Syrian Arab Republic,الجمهورية العربية السورية,SY,Idleb,إدلب,SY07,Idleb,مركز إدلب,SY0700,Idleb,مركز إدلب,SY070000,Idleb,مركز إدلب,,,,,2016-09-05,2016-09-05,
Syrian Arab Republic,الجمهورية العربية السورية,SY,Idleb,إدلب,SY07,Al Ma'ra,معرة النعمان,SY0702,Ma'arrat An Nu'man,مركز معرة النعمان,SY070200,Maarrat An Numan,مركز معرة النعمان,,,,,2016-09-05,2016-09-05,
Syrian Arab Republic,الجمهورية العربية السورية,SY,Idleb,إدلب,SY07,Al Ma'ra,معرة النعمان,SY0702,Khan Shaykun,خان شيخون,SY070201,Khan Shaykun,خان شيخون,,,,,2016-09-05,2016-09-05,
Syrian Arab Republic,الجمهورية العربية السورية,SY,Idleb,إدلب,SY07,Al Ma'ra,معرة النعمان,SY0702,Sanjar,سنجار,SY070202,Sanjar,سنجار,,,,,2016-09-05,2016-09-05,
Syrian Arab Republic,الجمهورية العربية السورية,SY,Idleb,إدلب,SY07,Al Ma'ra,معرة النعمان,SY0702,Kafr Nobol,كفر نبل,SY070203,Kafr Nobol,كفر نبل,,,,,2016-09-05,2016-09-05,
Syrian Arab Republic,الجمهورية العربية السورية,SY,Idleb,إدلب,SY07,Al Ma'ra,معرة النعمان,SY0702,Tamanaah,التمانعة,SY070204,Tamanaah,التمانعة,,,,,2016-09-05,2016-09-05,
Syrian Arab Republic,الجمهورية العربية السورية,SY,Idleb,إدلب,SY07,Al Ma'ra,معرة النعمان,SY0702,Heish,حيش,SY070205,Heish,حيش,,,,,2016-09-05,2016-09-05,
Syrian Arab Republic,الجمهورية العربية السورية,SY,Al-Hasakeh,الحسكة,SY08,Quamishli,القامشلي,SY0802,Quamishli,مركز القامشلي,SY080200,Quamishli,مركز القامشلي,,,,,2016-09-05,2016-09-05,
Syrian Arab Republic,الجمهورية العربية السورية,SY,Al-Hasakeh,الحسكة,SY08,Quamishli,القامشلي,SY0802,Tal Hmis,تل حميس,SY080201,Tal Hmis,تل حميس,,,,,2016-09-05,2016-09-05,
Syrian Arab Republic,الجمهورية العربية السورية,SY,Al-Hasakeh,الحسكة,SY08,Quamishli,القامشلي,SY0802,Amuda,عامودا,SY080202,Amuda,عامودا,,,,,2016-09-05,2016-09-05,
Syrian Arab Republic,الجمهورية العربية السورية,SY,Al-Hasakeh,الحسكة,SY08,Quamishli,القامشلي,SY0802,Qahtaniyyeh,قحطانية,SY080203,Qahtaniyyeh,قحطانية,,,,,2016-09-05,2016-09-05,
Syrian Arab Republic,الجمهورية العربية السورية,SY,Al-Hasakeh,الحسكة,SY08,Al-Malikeyyeh,المالكية,SY0803,Al-Malikeyyeh,مركز المالكية,SY080300,Al-Malikeyyeh,مركز المالكية,,,,,2016-09-05,2016-09-05,
Syrian Arab Republic,الجمهورية العربية السورية,SY,Al-Hasakeh,الحسكة,SY08,Al-Malikeyyeh,المالكية,SY0803,Jawadiyah,جوادية,SY080301,Jawadiyah,جوادية,,,,,2016-09-05,2016-09-05,
Syrian Arab Republic,الجمهورية العربية السورية,SY,Al-Hasakeh,الحسكة,SY08,Al-Malikeyyeh,المالكية,SY0803,Ya'robiyah,يعربية,SY080302,Yarobiyah,يعربية,,,,,2016-09-05,2016-09-05,
Syrian Arab Republic,الجمهورية العربية السورية,SY,Al-Hasakeh,الحسكة,SY08,Ras Al Ain,رأس العين,SY0804,Ras Al Ain,مركز رأس العين,SY080400,Ras Al Ain,مركز رأس العين,,,,,2016-09-05,2016-09-05,
Syrian Arab Republic,الجمهورية العربية السورية,SY,Al-Hasakeh,الحسكة,SY08,Ras Al Ain,رأس العين,SY0804,Darbasiyah,درباسية,SY080401,Darbasiyah,درباسية,,,,,2016-09-05,2016-09-05,
Syrian Arab Republic,الجمهورية العربية السورية,SY,Al-Hasakeh,الحسكة,SY08,Al-Hasakeh,مركز الحسكة,SY0800,Al-Hasakeh,مركز الحسكة,SY080000,Al-Hasakeh,مركز الحسكة,,,,,2016-09-05,2016-09-05,
Syrian Arab Republic,الجمهورية العربية السورية,SY,Al-Hasakeh,الحسكة,SY08,Al-Hasakeh,مركز الحسكة,SY0800,Tal Tamer,تل تمر,SY080001,Tal Tamer,تل تمر,,,,,2016-09-05,2016-09-05,
Syrian Arab Republic,الجمهورية العربية السورية,SY,Al-Hasakeh,الحسكة,SY08,Al-Hasakeh,مركز الحسكة,SY0800,Shadadah,شدادة,SY080002,Shadadah,شدادة,,,,,2016-09-05,2016-09-05,
Syrian Arab Republic,الجمهورية العربية السورية,SY,Al-Hasakeh,الحسكة,SY08,Al-Hasakeh,مركز الحسكة,SY0800,Markada,مركدة,SY080003,Markada,مركدة,,,,,2016-09-05,2016-09-05,
Syrian Arab Republic,الجمهورية العربية السورية,SY,Al-Hasakeh,الحسكة,SY08,Al-Hasakeh,مركز الحسكة,SY0800,Be'r Al-Hulo Al-Wardeyyeh,بئر الحلو الوردية,SY080004,Ber Al-Hulo Al-Wardeyyeh,بئر الحلو الوردية,,,,,2016-09-05,2016-09-05,
Syrian Arab Republic,الجمهورية العربية السورية,SY,Al-Hasakeh,الحسكة,SY08,Al-Hasakeh,مركز الحسكة,SY0800,Areesheh,العريشة,SY080005,Areesheh,العريشة,,,,,2016-09-05,2016-09-05,
Syrian Arab Republic,الجمهورية العربية السورية,SY,Al-Hasakeh,الحسكة,SY08,Al-Hasakeh,مركز الحسكة,SY0800,Hole,الهول,SY080006,Hole,الهول,,,,,2016-09-05,2016-09-05,
Syrian Arab Republic,الجمهورية العربية السورية,SY,Ar-Raqqa,الرقة,SY11,Ath-Thawrah,الثورة,SY1103,Al-Thawrah,مركز الثورة,SY110300,Al-Thawrah,مركز الثورة,,,,,2016-09-05,2016-09-05,
Syrian Arab Republic,الجمهورية العربية السورية,SY,Ar-Raqqa,الرقة,SY11,Ath-Thawrah,الثورة,SY1103,Mansura,المنصورة,SY110301,Mansura,المنصورة,,,,,2016-09-05,2016-09-05,
Syrian Arab Republic,الجمهورية العربية السورية,SY,Ar-Raqqa,الرقة,SY11,Ath-Thawrah,الثورة,SY1103,Jurneyyeh,الجرنية,SY110302,Jurneyyeh,الجرنية,,,,,2016-09-05,2016-09-05,
Syrian Arab Republic,الجمهورية العربية السورية,SY,Ar-Raqqa,الرقة,SY11,Tell Abiad,تل أبيض,SY1102,Tell Abiad,مركز تل أبيض,SY110200,Tell Abiad,مركز تل أبيض,,,,,2016-09-05,2016-09-05,
Syrian Arab Republic,الجمهورية العربية السورية,SY,Ar-Raqqa,الرقة,SY11,Tell Abiad,تل أبيض,SY1102,Suluk,سلوك,SY110201,Suluk,سلوك,,,,,2016-09-05,2016-09-05,
Syrian Arab Republic,الجمهورية العربية السورية,SY,Ar-Raqqa,الرقة,SY11,Tell Abiad,تل أبيض,SY1102,Ein Issa,عين عيسى,SY110202,Ein Issa,عين عيسى,,,,,2016-09-05,2016-09-05,
Syrian Arab Republic,الجمهورية العربية السورية,SY,Ar-Raqqa,الرقة,SY11,Ar-Raqqa,مركز الرقة,SY1101,Ar-Raqqa,مركز الرقة,SY110100,Ar-Raqqa,مركز الرقة,,,,,2016-09-05,2016-09-05,
Syrian Arab Republic,الجمهورية العربية السورية,SY,Ar-Raqqa,الرقة,SY11,Ar-Raqqa,مركز الرقة,SY1101,Sabka,السبخة,SY110101,Sabka,السبخة,,,,,2016-09-05,2016-09-05,
Syrian Arab Republic,الجمهورية العربية السورية,SY,Ar-Raqqa,الرقة,SY11,Ar-Raqqa,مركز الرقة,SY1101,Karama,الكرامة,SY110102,Karama,الكرامة,,,,,2016-09-05,2016-09-05,
Syrian Arab Republic,الجمهورية العربية السورية,SY,Ar-Raqqa,الرقة,SY11,Ar-Raqqa,مركز الرقة,SY1101,Maadan,معدان,SY110103,Maadan,معدان,,,,,2016-09-05,2016-09-05,
Syrian Arab Republic,الجمهورية العربية السورية,SY,As-Sweida,السويداء,SY13,Shahba,شهبا,SY1303,Shaqa,شقا,SY130301,Shaqa,شقا,,,,,2016-09-05,2016-09-05,
Syrian Arab Republic,الجمهورية العربية السورية,SY,As-Sweida,السويداء,SY13,Shahba,شهبا,SY1303,Ariqa,العريقة,SY130302,Ariqa,العريقة,,,,,2016-09-05,2016-09-05,
Syrian Arab Republic,الجمهورية العربية السورية,SY,As-Sweida,السويداء,SY13,Shahba,شهبا,SY1303,Little Sura,الصورة الصغيرة,SY130303,Little Sura,الصورة الصغيرة,,,,,2016-09-05,2016-09-05,
Syrian Arab Republic,الجمهورية العربية السورية,SY,As-Sweida,السويداء,SY13,Shahba,شهبا,SY1303,Shahba,مركز شهبا,SY130300,Shahba,مركز شهبا,,,,,2016-09-05,2016-09-05,
Syrian Arab Republic,الجمهورية العربية السورية,SY,As-Sweida,السويداء,SY13,Salkhad,صلخد,SY1302,Salkhad,مركز صلخد,SY130200,Salkhad,مركز صلخد,,,,,2016-09-05,2016-09-05,
Syrian Arab Republic,الجمهورية العربية السورية,SY,As-Sweida,السويداء,SY13,Salkhad,صلخد,SY1302,Qarayya,القريا,SY130201,Qarayya,القريا,,,,,2016-09-05,2016-09-05,
Syrian Arab Republic,الجمهورية العربية السورية,SY,As-Sweida,السويداء,SY13,Salkhad,صلخد,SY1302,Gharyeh,الغارية,SY130202,Gharyeh,الغارية,,,,,2016-09-05,2016-09-05,
Syrian Arab Republic,الجمهورية العربية السورية,SY,As-Sweida,السويداء,SY13,Salkhad,صلخد,SY1302,Thibeen,ذيبين,SY130203,Thibeen,ذيبين,,,,,2016-09-05,2016-09-05,
Syrian Arab Republic,الجمهورية العربية السورية,SY,As-Sweida,السويداء,SY13,Salkhad,صلخد,SY1302,Milh,ملح,SY130204,Milh,ملح,,,,,2016-09-05,2016-09-05,
Syrian Arab Republic,الجمهورية العربية السورية,SY,As-Sweida,السويداء,SY13,As-Sweida,مركز السويداء,SY1300,As-Sweida,مركز السويداء,SY130000,As-Sweida,مركز السويداء,,,,,2016-09-05,2016-09-05,
Syrian Arab Republic,الجمهورية العربية السورية,SY,As-Sweida,السويداء,SY13,As-Sweida,مركز السويداء,SY1300,Mazra'a,المزرعة,SY130001,Mazraa,المزرعة,,,,,2016-09-05,2016-09-05,
Syrian Arab Republic,الجمهورية العربية السورية,SY,As-Sweida,السويداء,SY13,As-Sweida,مركز السويداء,SY1300,Mashnaf,المشنف,SY130002,Mashnaf,المشنف,,,,,2016-09-05,2016-09-05,
Syrian Arab Republic,الجمهورية العربية السورية,SY,Quneitra,القنيطرة,SY14,Al Fiq,فيق,SY1402,Fiq,مركز فيق,SY140200,Fiq,مركز فيق,,,,,2016-09-05,2016-09-05,
Syrian Arab Republic,الجمهورية العربية السورية,SY,Quneitra,القنيطرة,SY14,Al Fiq,فيق,SY1402,Al-Butayhah,البطيحة,SY140201,Al-Butayhah,البطيحة,,,,,2016-09-05,2016-09-05,
Syrian Arab Republic,الجمهورية العربية السورية,SY,Quneitra,القنيطرة,SY14,Quneitra,مركز القنيطرة,SY1400,Quneitra,مركز القنيطرة,SY140000,Quneitra,مركز القنيطرة,,,,,2016-09-05,2016-09-05,
Syrian Arab Republic,الجمهورية العربية السورية,SY,Quneitra,القنيطرة,SY14,Quneitra,مركز القنيطرة,SY1400,Khan Arnaba,خان أرنبة,SY140001,Khan Arnaba,خان أرنبة,,,,,2016-09-05,2016-09-05,
Syrian Arab Republic,الجمهورية العربية السورية,SY,Quneitra,القنيطرة,SY14,Quneitra,مركز القنيطرة,SY1400,Al-Khashniyyeh,الخشنية,SY140002,Al-Khashniyyeh,الخشنية,,,,,2016-09-05,2016-09-05,
Syrian Arab Republic,الجمهورية العربية السورية,SY,Quneitra,القنيطرة,SY14,Quneitra,مركز القنيطرة,SY1400,Masaada,مسعدة,SY140003,Masaada,مسعدة,,,,,2016-09-05,2016-09-05,
Syrian Arab Republic,الجمهورية العربية السورية,SY,Lattakia,اللاذقية,SY06,Al-Haffa,الحفة,SY0603,Kansaba,كنسبا,SY060303,Kansaba,كنسبا,,,,,2016-09-05,2016-09-05,
Syrian Arab Republic,الجمهورية العربية السورية,SY,Lattakia,اللاذقية,SY06,Al-Haffa,الحفة,SY0603,Salanfa,صلنفة,SY060301,Salanfa,صلنفة,,,,,2016-09-05,2016-09-05,
Syrian Arab Republic,الجمهورية العربية السورية,SY,Lattakia,اللاذقية,SY06,Al-Haffa,الحفة,SY0603,Mzair'a,مزيرعة,SY060304,Mzaira,مزيرعة,,,,,2016-09-05,2016-09-05,
Syrian Arab Republic,الجمهورية العربية السورية,SY,Lattakia,اللاذقية,SY06,Al-Haffa,الحفة,SY0603,Ein Et-teeneh,عين التينة,SY060302,Ein Et-teeneh,عين التينة,,,,,2016-09-05,2016-09-05,
Syrian Arab Republic,الجمهورية العربية السورية,SY,Lattakia,اللاذقية,SY06,Al-Haffa,الحفة,SY0603,Al-Haffa,مركزالحفة,SY060300,Al-Haffa,مركزالحفة,,,,,2016-09-05,2016-09-05,
Syrian Arab Republic,الجمهورية العربية السورية,SY,Lattakia,اللاذقية,SY06,Al-Qardaha,القرداحة,SY0604,Fakhura,الفاخورة,SY060402,Fakhura,الفاخورة,,,,,2016-09-05,2016-09-05,
Syrian Arab Republic,الجمهورية العربية السورية,SY,Lattakia,اللاذقية,SY06,Al-Qardaha,القرداحة,SY0604,Jobet Berghal,جوبة برغال,SY060403,Jobet Berghal,جوبة برغال,,,,,2016-09-05,2016-09-05,
Syrian Arab Republic,الجمهورية العربية السورية,SY,Lattakia,اللاذقية,SY06,Al-Qardaha,القرداحة,SY0604,Al-Qardaha,مركز القرداحة,SY060400,Al-Qardaha,مركز القرداحة,,,,,2016-09-05,2016-09-05,
Syrian Arab Republic,الجمهورية العربية السورية,SY,Lattakia,اللاذقية,SY06,Al-Qardaha,القرداحة,SY0604,Harf Elmseitra,حرف المسيترة,SY060401,Harf Elmseitra,حرف المسيترة,,,,,2016-09-05,2016-09-05,
Syrian Arab Republic,الجمهورية العربية السورية,SY,Lattakia,اللاذقية,SY06,Jablah,جبلة,SY0602,Jablah,مركز جبلة,SY060200,Jablah,مركز جبلة,,,,,2016-09-05,2016-09-05,
Syrian Arab Republic,الجمهورية العربية السورية,SY,Lattakia,اللاذقية,SY06,Jablah,جبلة,SY0602,Qteilbiyyeh,القطيلبية,SY060202,Qteilbiyyeh,القطيلبية,,,,,2016-09-05,2016-09-05,
Syrian Arab Republic,الجمهورية العربية السورية,SY,Lattakia,اللاذقية,SY06,Jablah,جبلة,SY0602,Ein Shaqaq,عين شقاق,SY060203,Ein Shaqaq,عين شقاق,,,,,2016-09-05,2016-09-05,
Syrian Arab Republic,الجمهورية العربية السورية,SY,Lattakia,اللاذقية,SY06,Jablah,جبلة,SY0602,Dalyeh,دالية,SY060204,Dalyeh,دالية,,,,,2016-09-05,2016-09-05,
Syrian Arab Republic,الجمهورية العربية السورية,SY,Lattakia,اللاذقية,SY06,Jablah,جبلة,SY0602,Ein Elsharqiyeh,عين الشرقية,SY060201,Ein Elsharqiyeh,عين الشرقية,,,,,2016-09-05,2016-09-05,
Syrian Arab Republic,الجمهورية العربية السورية,SY,Lattakia,اللاذقية,SY06,Jablah,جبلة,SY0602,Beit Yashout,بيت ياشوط,SY060205,Beit Yashout,بيت ياشوط,,,,,2016-09-05,2016-09-05,
Syrian Arab Republic,الجمهورية العربية السورية,SY,Lattakia,اللاذقية,SY06,Lattakia,مركز اللاذقية,SY0600,Rabee'a,ربيعة,SY060002,Rabeea,ربيعة,,,,,2016-09-05,2016-09-05,
Syrian Arab Republic,الجمهورية العربية السورية,SY,Lattakia,اللاذقية,SY06,Lattakia,مركز اللاذقية,SY0600,Bahlolieh,البهلولية,SY060001,Bahlolieh,البهلولية,,,,,2016-09-05,2016-09-05,
Syrian Arab Republic,الجمهورية العربية السورية,SY,Lattakia,اللاذقية,SY06,Lattakia,مركز اللاذقية,SY0600,Ein El-Bayda,عين البيضا,SY060003,Ein El-Bayda,عين البيضا,,,,,2016-09-05,2016-09-05,
Syrian Arab Republic,الجمهورية العربية السورية,SY,Lattakia,اللاذقية,SY06,Lattakia,مركز اللاذقية,SY0600,Kasab,كسب,SY060005,Kasab,كسب,,,,,2016-09-05,2016-09-05,
Syrian Arab Republic,الجمهورية العربية السورية,SY,Lattakia,اللاذقية,SY06,Lattakia,مركز اللاذقية,SY0600,Hanadi,هنادي,SY060006,Hanadi,هنادي,,,,,2016-09-05,2016-09-05,
Syrian Arab Republic,الجمهورية العربية السورية,SY,Lattakia,اللاذقية,SY06,Lattakia,مركز اللاذقية,SY0600,Qastal Maaf,قسطل معاف,SY060004,Qastal Maaf,قسطل معاف,,,,,2016-09-05,2016-09-05,
Syrian Arab Republic,الجمهورية العربية السورية,SY,Lattakia,اللاذقية,SY06,Lattakia,مركز اللاذقية,SY0600,Lattakia,مركز اللاذقية,SY060000,Lattakia,مركز اللاذقية,,,,,2016-09-05,2016-09-05,
Syrian Arab Republic,الجمهورية العربية السورية,SY,Aleppo,حلب,SY02,A'zaz,اعزاز,SY0204,Aghtrin,اخترين,SY020401,Aghtrin,اخترين,,,,,2016-09-05,2016-09-05,
Syrian Arab Republic,الجمهورية العربية السورية,SY,Aleppo,حلب,SY02,A'zaz,اعزاز,SY0204,Suran,صوران,SY020405,Suran - Aleppo,صوران - حلب,,,,,2016-09-05,2016-09-05,
Syrian Arab Republic,الجمهورية العربية السورية,SY,Aleppo,حلب,SY02,A'zaz,اعزاز,SY0204,A'zaz,مركز اعزاز,SY020400,Azaz,مركز اعزاز,,,,,2016-09-05,2016-09-05,
Syrian Arab Republic,الجمهورية العربية السورية,SY,Aleppo,حلب,SY02,A'zaz,اعزاز,SY0204,Mare',مارع,SY020403,Mare,مارع,,,,,2016-09-05,2016-09-05,
Syrian Arab Republic,الجمهورية العربية السورية,SY,Aleppo,حلب,SY02,A'zaz,اعزاز,SY0204,Tall Refaat,تل رفعت,SY020402,Tall Refaat,تل رفعت,,,,,2016-09-05,2016-09-05,
Syrian Arab Republic,الجمهورية العربية السورية,SY,Aleppo,حلب,SY02,A'zaz,اعزاز,SY0204,Nabul,نبل,SY020404,Nabul,نبل,,,,,2016-09-05,2016-09-05,
Syrian Arab Republic,الجمهورية العربية السورية,SY,Aleppo,حلب,SY02,Al Bab,الباب,SY0202,Ar-Ra'ee,الراعي,SY020203,Ar-Raee,الراعي,,,,,2016-09-05,2016-09-05,
Syrian Arab Republic,الجمهورية العربية السورية,SY,Aleppo,حلب,SY02,Al Bab,الباب,SY0202,A'rima,عريمة,SY020206,Arima,عريمة,,,,,2016-09-05,2016-09-05,
Syrian Arab Republic,الجمهورية العربية السورية,SY,Aleppo,حلب,SY02,Al Bab,الباب,SY0202,Al Bab,مركز الباب,SY020200,Al Bab,مركز الباب,,,,,2016-09-05,2016-09-05,
Syrian Arab Republic,الجمهورية العربية السورية,SY,Aleppo,حلب,SY02,Al Bab,الباب,SY0202,Tadaf,تادف,SY020201,Tadaf,تادف,,,,,2016-09-05,2016-09-05,
Syrian Arab Republic,الجمهورية العربية السورية,SY,Aleppo,حلب,SY02,Al Bab,الباب,SY0202,Rasm Haram El-Imam,رسم حرمل الامام,SY020205,Rasm Haram El-Imam,رسم حرمل الامام,,,,,2016-09-05,2016-09-05,
Syrian Arab Republic,الجمهورية العربية السورية,SY,Aleppo,حلب,SY02,Al Bab,الباب,SY0202,Dayr Hafir,دير حافر,SY020202,Dayr Hafir,دير حافر,,,,,2016-09-05,2016-09-05,
Syrian Arab Republic,الجمهورية العربية السورية,SY,Aleppo,حلب,SY02,Al Bab,الباب,SY0202,Eastern Kwaires ,كويرس شرقي,SY020204,Eastern Kwaires ,كويرس شرقي,,,,,2016-09-05,2016-09-05,
Syrian Arab Republic,الجمهورية العربية السورية,SY,Aleppo,حلب,SY02,As-Safira,السفيرة,SY0207,As-Safira,مركز السفيرة,SY020700,As-Safira,مركز السفيرة,,,,,2016-09-05,2016-09-05,
Syrian Arab Republic,الجمهورية العربية السورية,SY,Aleppo,حلب,SY02,As-Safira,السفيرة,SY0207,Banan,بنان,SY020702,Banan,بنان,,,,,2016-09-05,2016-09-05,
Syrian Arab Republic,الجمهورية العربية السورية,SY,Aleppo,حلب,SY02,As-Safira,السفيرة,SY0207,Hajeb,الحاجب,SY020703,Hajeb,الحاجب,,,,,2016-09-05,2016-09-05,
Syrian Arab Republic,الجمهورية العربية السورية,SY,Aleppo,حلب,SY02,As-Safira,السفيرة,SY0207,Khanaser,خناصر,SY020701,Khanaser,خناصر,,,,,2016-09-05,2016-09-05,
Syrian Arab Republic,الجمهورية العربية السورية,SY,Aleppo,حلب,SY02,Jebel Saman,جبل سمعان,SY0200,Tall Ed-daman,تل الضمان,SY020002,Tall Ed-daman,تل الضمان,,,,,2016-09-05,2016-09-05,
Syrian Arab Republic,الجمهورية العربية السورية,SY,Aleppo,حلب,SY02,Jebel Saman,جبل سمعان,SY0200,Hadher,الحاضر,SY020006,Hadher,الحاضر,,,,,2016-09-05,2016-09-05,
Syrian Arab Republic,الجمهورية العربية السورية,SY,Aleppo,حلب,SY02,Jebel Saman,جبل سمعان,SY0200,Zarbah,الزربة,SY020005,Zarbah,الزربة,,,,,2016-09-05,2016-09-05,
Syrian Arab Republic,الجمهورية العربية السورية,SY,Aleppo,حلب,SY02,Jebel Saman,جبل سمعان,SY0200,Daret Azza,دارة عزة,SY020004,Daret Azza,دارة عزة,,,,,2016-09-05,2016-09-05,
Syrian Arab Republic,الجمهورية العربية السورية,SY,Aleppo,حلب,SY02,Jebel Saman,جبل سمعان,SY0200,Atareb,أتارب,SY020001,Atareb,أتارب,,,,,2016-09-05,2016-09-05,
Syrian Arab Republic,الجمهورية العربية السورية,SY,Aleppo,حلب,SY02,Jebel Saman,جبل سمعان,SY0200,Haritan,حريتان,SY020003,Haritan,حريتان,,,,,2016-09-05,2016-09-05,
Syrian Arab Republic,الجمهورية العربية السورية,SY,Aleppo,حلب,SY02,Jebel Saman,جبل سمعان,SY0200,Jebel Saman,مركز جبل سمعان,SY020000,Jebel Saman,مركز جبل سمعان,,,,,2016-09-05,2016-09-05,
Syrian Arab Republic,الجمهورية العربية السورية,SY,Aleppo,حلب,SY02,Jarablus,جرابلس,SY0208,Jarablus,مركز جرابلس,SY020800,Jarablus,مركز جرابلس,,,,,2016-09-05,2016-09-05,
Syrian Arab Republic,الجمهورية العربية السورية,SY,Aleppo,حلب,SY02,Jarablus,جرابلس,SY0208,Ghandorah,غندورة,SY020801,Ghandorah,غندورة,,,,,2016-09-05,2016-09-05,
Syrian Arab Republic,الجمهورية العربية السورية,SY,Aleppo,حلب,SY02,Afrin,عفرين,SY0203,Bulbul,بلبل,SY020301,Bulbul,بلبل,,,,,2016-09-05,2016-09-05,
Syrian Arab Republic,الجمهورية العربية السورية,SY,Aleppo,حلب,SY02,Afrin,عفرين,SY0203,Raju,راجو,SY020303,Raju,راجو,,,,,2016-09-05,2016-09-05,
Syrian Arab Republic,الجمهورية العربية السورية,SY,Aleppo,حلب,SY02,Afrin,عفرين,SY0203,Ma'btali,معبطلي,SY020306,Mabtali,معبطلي,,,,,2016-09-05,2016-09-05,
Syrian Arab Republic,الجمهورية العربية السورية,SY,Aleppo,حلب,SY02,Afrin,عفرين,SY0203,Sheikh El-Hadid,شيخ الحديد,SY020305,Sheikh El-Hadid,شيخ الحديد,,,,,2016-09-05,2016-09-05,
Syrian Arab Republic,الجمهورية العربية السورية,SY,Aleppo,حلب,SY02,Afrin,عفرين,SY0203,Jandairis,جنديرس,SY020302,Jandairis,جنديرس,,,,,2016-09-05,2016-09-05,
Syrian Arab Republic,الجمهورية العربية السورية,SY,Aleppo,حلب,SY02,Afrin,عفرين,SY0203,Sharan,شران,SY020304,Sharan,شران,,,,,2016-09-05,2016-09-05,
Syrian Arab Republic,الجمهورية العربية السورية,SY,Aleppo,حلب,SY02,Afrin,عفرين,SY0203,Afrin,مركز عفرين,SY020300,Afrin,مركز عفرين,,,,,2016-09-05,2016-09-05,
Syrian Arab Republic,الجمهورية العربية السورية,SY,Aleppo,حلب,SY02,Ain Al Arab,عين العرب,SY0206,Lower Shyookh,شيوخ تحتاني,SY020601,Lower Shyookh,شيوخ تحتاني,,,,,2016-09-05,2016-09-05,
Syrian Arab Republic,الجمهورية العربية السورية,SY,Aleppo,حلب,SY02,Ain Al Arab,عين العرب,SY0206,Ain al Arab,مركز عين العرب,SY020600,Ain al Arab,مركز عين العرب,,,,,2016-09-05,2016-09-05,
Syrian Arab Republic,الجمهورية العربية السورية,SY,Aleppo,حلب,SY02,Ain Al Arab,عين العرب,SY0206,Sarin,صرين,SY020602,Sarin,صرين,,,,,2016-09-05,2016-09-05,
Syrian Arab Republic,الجمهورية العربية السورية,SY,Aleppo,حلب,SY02,Menbij,منبج,SY0205,Menbij,مركز منبج,SY020500,Menbij,مركز منبج,,,,,2016-09-05,2016-09-05,
Syrian Arab Republic,الجمهورية العربية السورية,SY,Aleppo,حلب,SY02,Menbij,منبج,SY0205,Abu Qalqal,أبو قلقل,SY020501,Abu Qalqal,أبو قلقل,,,,,2016-09-05,2016-09-05,
Syrian Arab Republic,الجمهورية العربية السورية,SY,Aleppo,حلب,SY02,Menbij,منبج,SY0205,Al-Khafsa,الخفسة,SY020502,Al-Khafsa,الخفسة,,,,,2016-09-05,2016-09-05,
Syrian Arab Republic,الجمهورية العربية السورية,SY,Aleppo,حلب,SY02,Menbij,منبج,SY0205,Maskana,مسكنة,SY020503,Maskana,مسكنة,,,,,2016-09-05,2016-09-05,
Syrian Arab Republic,الجمهورية العربية السورية,SY,Hama,حماة,SY05,As-Suqaylabiyah,السقيلبية,SY0502,As-Suqaylabiyah,مركز السقيلبية,SY050200,As-Suqaylabiyah,مركز السقيلبية,,,,,2016-09-05,2016-09-05,
Syrian Arab Republic,الجمهورية العربية السورية,SY,Hama,حماة,SY05,As-Suqaylabiyah,السقيلبية,SY0502,Tell Salhib,تلسلحب,SY050201,Tell Salhib,تلسلحب,,,,,2016-09-05,2016-09-05,
Syrian Arab Republic,الجمهورية العربية السورية,SY,Hama,حماة,SY05,As-Suqaylabiyah,السقيلبية,SY0502,Ziyara,الزيارة,SY050202,Ziyara,الزيارة,,,,,2016-09-05,2016-09-05,
Syrian Arab Republic,الجمهورية العربية السورية,SY,Hama,حماة,SY05,As-Suqaylabiyah,السقيلبية,SY0502,Shat-ha,شطحة,SY050203,Shat-ha,شطحة,,,,,2016-09-05,2016-09-05,
Syrian Arab Republic,الجمهورية العربية السورية,SY,Hama,حماة,SY05,As-Suqaylabiyah,السقيلبية,SY0502,Madiq Castle,قلعة المضيق,SY050204,Madiq Castle,قلعة المضيق,,,,,2016-09-05,2016-09-05,
Syrian Arab Republic,الجمهورية العربية السورية,SY,Hama,حماة,SY05,As-Salamiyeh,السلمية,SY0503,As-Salamiyeh,مركز السلمية,SY050300,As-Salamiyeh,مركز السلمية,,,,,2016-09-05,2016-09-05,
Syrian Arab Republic,الجمهورية العربية السورية,SY,Hama,حماة,SY05,As-Salamiyeh,السلمية,SY0503,Eastern Bari,بري شرقي,SY050301,Eastern Bari,بري شرقي,,,,,2016-09-05,2016-09-05,
Syrian Arab Republic,الجمهورية العربية السورية,SY,Hama,حماة,SY05,As-Salamiyeh,السلمية,SY0503,As-Saan,السعن,SY050302,As-Saan,السعن,,,,,2016-09-05,2016-09-05,
Syrian Arab Republic,الجمهورية العربية السورية,SY,Hama,حماة,SY05,As-Salamiyeh,السلمية,SY0503,Oqeirbat,عقيربات,SY050304,Oqeirbat,عقيربات,,,,,2016-09-05,2016-09-05,
Syrian Arab Republic,الجمهورية العربية السورية,SY,Hama,حماة,SY05,Muhradah,محردة,SY0505,Muhradah,مركز محردة,SY050500,Muhradah,مركز محردة,,,,,2016-09-05,2016-09-05,
Syrian Arab Republic,الجمهورية العربية السورية,SY,Hama,حماة,SY05,Muhradah,محردة,SY0505,Kafr Zeita,كفرزيتا,SY050501,Kafr Zeita,كفرزيتا,,,,,2016-09-05,2016-09-05,
Syrian Arab Republic,الجمهورية العربية السورية,SY,Hama,حماة,SY05,Muhradah,محردة,SY0505,Karnaz,كرناز,SY050502,Karnaz,كرناز,,,,,2016-09-05,2016-09-05,
Syrian Arab Republic,الجمهورية العربية السورية,SY,Hama,حماة,SY05,Hama,مركز حماة,SY0501,Hama,مركز حماة,SY050100,Hama,مركز حماة,,,,,2016-09-05,2016-09-05,
Syrian Arab Republic,الجمهورية العربية السورية,SY,Hama,حماة,SY05,Hama,مركز حماة,SY0501,Suran,صوران,SY050101,Suran - Hama,صوران - حماة,,,,,2016-09-05,2016-09-05,
Syrian Arab Republic,الجمهورية العربية السورية,SY,Hama,حماة,SY05,Hama,مركز حماة,SY0501,Harbanifse,حربنفسه,SY050102,Harbanifse,حربنفسه,,,,,2016-09-05,2016-09-05,
Syrian Arab Republic,الجمهورية العربية السورية,SY,Hama,حماة,SY05,Hama,مركز حماة,SY0501,Hamra,الحمراء,SY050103,Hamra,الحمراء,,,,,2016-09-05,2016-09-05,
Syrian Arab Republic,الجمهورية العربية السورية,SY,Hama,حماة,SY05,Masyaf,مصياف,SY0504,Masyaf,مركز مصياف,SY050400,Masyaf,مركز مصياف,,,,,2016-09-05,2016-09-05,
Syrian Arab Republic,الجمهورية العربية السورية,SY,Hama,حماة,SY05,Masyaf,مصياف,SY0504,Jeb Ramleh,جب رملة,SY050401,Jeb Ramleh,جب رملة,,,,,2016-09-05,2016-09-05,
Syrian Arab Republic,الجمهورية العربية السورية,SY,Hama,حماة,SY05,Masyaf,مصياف,SY0504,Oj,عوج,SY050402,Oj,عوج,,,,,2016-09-05,2016-09-05,
Syrian Arab Republic,الجمهورية العربية السورية,SY,Hama,حماة,SY05,Masyaf,مصياف,SY0504,Wadi El-oyoun,وادي العيون,SY050404,Wadi El-oyoun,وادي العيون,,,,,2016-09-05,2016-09-05,
Syrian Arab Republic,الجمهورية العربية السورية,SY,Hama,حماة,SY05,Masyaf,مصياف,SY0504,Ein Halaqim,عين حلاقيم,SY050403,Ein Halaqim,عين حلاقيم,,,,,2016-09-05,2016-09-05,
Syrian Arab Republic,الجمهورية العربية السورية,SY,Homs,حمص,SY04,Ar-Rastan,الرستن,SY0404,Ar-Rastan,مركز الرستن,SY040400,Ar-Rastan,مركز الرستن,,,,,2016-09-05,2016-09-05,
Syrian Arab Republic,الجمهورية العربية السورية,SY,Homs,حمص,SY04,Ar-Rastan,الرستن,SY0404,Talbiseh,تلبيسة,SY040401,Talbiseh,تلبيسة,,,,,2016-09-05,2016-09-05,
Syrian Arab Republic,الجمهورية العربية السورية,SY,Homs,حمص,SY04,Al-Qusayr,القصير,SY0402,Al-Qusayr,مركز القصير,SY040200,Al-Qusayr,مركز القصير,,,,,2016-09-05,2016-09-05,
Syrian Arab Republic,الجمهورية العربية السورية,SY,Homs,حمص,SY04,Al Makhrim,المخرم,SY0406,Al Makhrim,المخرم,SY040600,Al Makhrim,المخرم,,,,,2016-09-05,2016-09-05,
Syrian Arab Republic,الجمهورية العربية السورية,SY,Homs,حمص,SY04,Al Makhrim,المخرم,SY0406,Jeb Ej-Jarrah,جب الجراح,SY040601,Jeb Ej-Jarrah,جب الجراح,,,,,2016-09-05,2016-09-05,
Syrian Arab Republic,الجمهورية العربية السورية,SY,Homs,حمص,SY04,Tadmor,تدمر,SY0405,Tadmor,مركز تدمر,SY040500,Tadmor,مركز تدمر,,,,,2016-09-05,2016-09-05,
Syrian Arab Republic,الجمهورية العربية السورية,SY,Homs,حمص,SY04,Tadmor,تدمر,SY0405,Sokhneh,السخنة,SY040501,Sokhneh,السخنة,,,,,2016-09-05,2016-09-05,
Syrian Arab Republic,الجمهورية العربية السورية,SY,Homs,حمص,SY04,Tall Kalakh,تلكلخ,SY0403,Tall Kalakh,مركز تلكلخ,SY040300,Tall Kalakh,مركز تلكلخ,,,,,2016-09-05,2016-09-05,
Syrian Arab Republic,الجمهورية العربية السورية,SY,Homs,حمص,SY04,Tall Kalakh,تلكلخ,SY0403,Hadideh,حديدة,SY040301,Hadideh,حديدة,,,,,2016-09-05,2016-09-05,
Syrian Arab Republic,الجمهورية العربية السورية,SY,Homs,حمص,SY04,Tall Kalakh,تلكلخ,SY0403,Hawash,الحواش,SY040304,Hawash,الحواش,,,,,2016-09-05,2016-09-05,
Syrian Arab Republic,الجمهورية العربية السورية,SY,Homs,حمص,SY04,Tall Kalakh,تلكلخ,SY0403,Nasra,الناصرة,SY040303,Nasra,الناصرة,,,,,2016-09-05,2016-09-05,
Syrian Arab Republic,الجمهورية العربية السورية,SY,Homs,حمص,SY04,Homs,مركز حمص,SY0401,Homs,مركز حمص,SY040100,Homs,مركز حمص,,,,,2016-09-05,2016-09-05,
Syrian Arab Republic,الجمهورية العربية السورية,SY,Homs,حمص,SY04,Homs,مركز حمص,SY0401,Taldu,تلدو,SY040101,Taldu,تلدو,,,,,2016-09-05,2016-09-05,
Syrian Arab Republic,الجمهورية العربية السورية,SY,Homs,حمص,SY04,Homs,مركز حمص,SY0401,Kherbet Tin Noor,خربة تين نور,SY040102,Kherbet Tin Noor,خربة تين نور,,,,,2016-09-05,2016-09-05,
Syrian Arab Republic,الجمهورية العربية السورية,SY,Homs,حمص,SY04,Homs,مركز حمص,SY0401,Ein Elniser,عين النسر,SY040103,Ein Elniser,عين النسر,,,,,2016-09-05,2016-09-05,
Syrian Arab Republic,الجمهورية العربية السورية,SY,Homs,حمص,SY04,Homs,مركز حمص,SY0401,Farqalas,الفرقلس,SY040104,Farqalas,الفرقلس,,,,,2016-09-05,2016-09-05,
Syrian Arab Republic,الجمهورية العربية السورية,SY,Homs,حمص,SY04,Homs,مركز حمص,SY0401,Raqama,الرقاما,SY040105,Raqama,الرقاما,,,,,2016-09-05,2016-09-05,
Syrian Arab Republic,الجمهورية العربية السورية,SY,Homs,حمص,SY04,Homs,مركز حمص,SY0401,Mahin,مهين,SY040107,Mahin,مهين,,,,,2016-09-05,2016-09-05,
Syrian Arab Republic,الجمهورية العربية السورية,SY,Homs,حمص,SY04,Homs,مركز حمص,SY0401,Sadad,صدد,SY040109,Sadad,صدد,,,,,2016-09-05,2016-09-05,
Syrian Arab Republic,الجمهورية العربية السورية,SY,Homs,حمص,SY04,Homs,مركز حمص,SY0401,Qaryatein,القريتين,SY040106,Qaryatein,القريتين,,,,,2016-09-05,2016-09-05,
Syrian Arab Republic,الجمهورية العربية السورية,SY,Homs,حمص,SY04,Homs,مركز حمص,SY0401,Qabu,القبو,SY040110,Qabu,القبو,,,,,2016-09-05,2016-09-05,
Syrian Arab Republic,الجمهورية العربية السورية,SY,Homs,حمص,SY04,Homs,مركز حمص,SY0401,Shin,شين,SY040111,Shin,شين,,,,,2016-09-05,2016-09-05,
Syrian Arab Republic,الجمهورية العربية السورية,SY,Homs,حمص,SY04,Homs,مركز حمص,SY0401,Hasyaa,حسياء,SY040108,Hasyaa,حسياء,,,,,2016-09-05,2016-09-05,
Syrian Arab Republic,الجمهورية العربية السورية,SY,Dar'a,درعا,SY12,Izra',ازرع,SY1203,Izra',مركز ازرع,SY120300,Izra,مركز ازرع,,,,,2016-09-05,2016-09-05,
Syrian Arab Republic,الجمهورية العربية السورية,SY,Dar'a,درعا,SY12,Izra',ازرع,SY1203,Jasim,جاسم,SY120301,Jasim,جاسم,,,,,2016-09-05,2016-09-05,
Syrian Arab Republic,الجمهورية العربية السورية,SY,Dar'a,درعا,SY12,Izra',ازرع,SY1203,Hrak,الحراك,SY120302,Hrak,الحراك,,,,,2016-09-05,2016-09-05,
Syrian Arab Republic,الجمهورية العربية السورية,SY,Dar'a,درعا,SY12,Izra',ازرع,SY1203,Nawa ,نوى,SY120303,Nawa ,نوى,,,,,2016-09-05,2016-09-05,
Syrian Arab Republic,الجمهورية العربية السورية,SY,Dar'a,درعا,SY12,Izra',ازرع,SY1203,Sheikh Miskine,الشيخ مسكين,SY120304,Sheikh Miskine,الشيخ مسكين,,,,,2016-09-05,2016-09-05,
Syrian Arab Republic,الجمهورية العربية السورية,SY,Dar'a,درعا,SY12,Izra',ازرع,SY1203,Tassil,تسيل,SY120305,Tassil,تسيل,,,,,2016-09-05,2016-09-05,
Syrian Arab Republic,الجمهورية العربية السورية,SY,Dar'a,درعا,SY12,As-Sanamayn,الصنمين,SY1202,As-Sanamayn,مركز الصنمين,SY120200,As-Sanamayn,مركز الصنمين,,,,,2016-09-05,2016-09-05,
Syrian Arab Republic,الجمهورية العربية السورية,SY,Dar'a,درعا,SY12,As-Sanamayn,الصنمين,SY1202,Masmiyyeh,المسمية,SY120201,Masmiyyeh,المسمية,,,,,2016-09-05,2016-09-05,
Syrian Arab Republic,الجمهورية العربية السورية,SY,Dar'a,درعا,SY12,As-Sanamayn,الصنمين,SY1202,Ghabagheb,غباغب,SY120202,Ghabagheb,غباغب,,,,,2016-09-05,2016-09-05,
Syrian Arab Republic,الجمهورية العربية السورية,SY,Dar'a,درعا,SY12,Dar'a,درعا,SY1200,Dar'a,مركز درعا,SY120000,Dara,مركز درعا,,,,,2016-09-05,2016-09-05,
Syrian Arab Republic,الجمهورية العربية السورية,SY,Dar'a,درعا,SY12,Dar'a,درعا,SY1200,Busra Esh-Sham,بصرى الشام,SY120001,Busra Esh-Sham,بصرى الشام,,,,,2016-09-05,2016-09-05,
Syrian Arab Republic,الجمهورية العربية السورية,SY,Dar'a,درعا,SY12,Dar'a,درعا,SY1200,Kherbet Ghazala,خربة غزالة,SY120002,Kherbet Ghazala,خربة غزالة,,,,,2016-09-05,2016-09-05,
Syrian Arab Republic,الجمهورية العربية السورية,SY,Dar'a,درعا,SY12,Dar'a,درعا,SY1200,Ash-Shajara,الشجرة,SY120003,Ash-Shajara,الشجرة,,,,,2016-09-05,2016-09-05,
Syrian Arab Republic,الجمهورية العربية السورية,SY,Dar'a,درعا,SY12,Dar'a,درعا,SY1200,Da'el,داعل,SY120004,Dael,داعل,,,,,2016-09-05,2016-09-05,
Syrian Arab Republic,الجمهورية العربية السورية,SY,Dar'a,درعا,SY12,Dar'a,درعا,SY1200,Mzeireb,مزيريب,SY120005,Mzeireb,مزيريب,,,,,2016-09-05,2016-09-05,
Syrian Arab Republic,الجمهورية العربية السورية,SY,Dar'a,درعا,SY12,Dar'a,درعا,SY1200,Jizeh,الجيزة,SY120006,Jizeh,الجيزة,,,,,2016-09-05,2016-09-05,
Syrian Arab Republic,الجمهورية العربية السورية,SY,Dar'a,درعا,SY12,Dar'a,درعا,SY1200,Mseifra,المسيفرة,SY120007,Mseifra,المسيفرة,,,,,2016-09-05,2016-09-05,
Syrian Arab Republic,الجمهورية العربية السورية,SY,Deir-ez-Zor,دير الزور,SY09,Abu Kamal,البوكمال,SY0902,Abu Kamal,مركز البوكمال,SY090200,Abu Kamal,مركز البوكمال,,,,,2016-09-05,2016-09-05,
Syrian Arab Republic,الجمهورية العربية السورية,SY,Deir-ez-Zor,دير الزور,SY09,Abu Kamal,البوكمال,SY0902,Hajin,هجين,SY090201,Hajin,هجين,,,,,2016-09-05,2016-09-05,
Syrian Arab Republic,الجمهورية العربية السورية,SY,Deir-ez-Zor,دير الزور,SY09,Abu Kamal,البوكمال,SY0902,Jalaa,الجلاء,SY090202,Jalaa,الجلاء,,,,,2016-09-05,2016-09-05,
Syrian Arab Republic,الجمهورية العربية السورية,SY,Deir-ez-Zor,دير الزور,SY09,Abu Kamal,البوكمال,SY0902,Susat,سوسة,SY090203,Susat,سوسة,,,,,2016-09-05,2016-09-05,
Syrian Arab Republic,الجمهورية العربية السورية,SY,Deir-ez-Zor,دير الزور,SY09,Al Mayadin,الميادين,SY0903,Al Mayadin,مركز الميادين,SY090300,Al Mayadin,مركز الميادين,,,,,2016-09-05,2016-09-05,
Syrian Arab Republic,الجمهورية العربية السورية,SY,Deir-ez-Zor,دير الزور,SY09,Al Mayadin,الميادين,SY0903,Thiban,ذيبان,SY090301,Thiban,ذيبان,,,,,2016-09-05,2016-09-05,
Syrian Arab Republic,الجمهورية العربية السورية,SY,Deir-ez-Zor,دير الزور,SY09,Al Mayadin,الميادين,SY0903,Ashara,عشارة,SY090302,Ashara,عشارة,,,,,2016-09-05,2016-09-05,
Syrian Arab Republic,الجمهورية العربية السورية,SY,Deir-ez-Zor,دير الزور,SY09,Deir-ez-Zor,مركز دير الزور,SY0901,Deir-ez-Zor,مركز دير الزور,SY090100,Deir-ez-Zor,مركز دير الزور,,,,,2016-09-05,2016-09-05,
Syrian Arab Republic,الجمهورية العربية السورية,SY,Deir-ez-Zor,دير الزور,SY09,Deir-ez-Zor,مركز دير الزور,SY0901,Kisreh,كسرة,SY090101,Kisreh,كسرة,,,,,2016-09-05,2016-09-05,
Syrian Arab Republic,الجمهورية العربية السورية,SY,Deir-ez-Zor,دير الزور,SY09,Deir-ez-Zor,مركز دير الزور,SY0901,Basira,بصيرة,SY090102,Basira,بصيرة,,,,,2016-09-05,2016-09-05,
Syrian Arab Republic,الجمهورية العربية السورية,SY,Deir-ez-Zor,دير الزور,SY09,Deir-ez-Zor,مركز دير الزور,SY0901,Muhasan,موحسن,SY090103,Muhasan,موحسن,,,,,2016-09-05,2016-09-05,
Syrian Arab Republic,الجمهورية العربية السورية,SY,Deir-ez-Zor,دير الزور,SY09,Deir-ez-Zor,مركز دير الزور,SY0901,Tabni,التبني,SY090104,Tabni,التبني,,,,,2016-09-05,2016-09-05,
Syrian Arab Republic,الجمهورية العربية السورية,SY,Deir-ez-Zor,دير الزور,SY09,Deir-ez-Zor,مركز دير الزور,SY0901,Khasham,خشام,SY090105,Khasham,خشام,,,,,2016-09-05,2016-09-05,
Syrian Arab Republic,الجمهورية العربية السورية,SY,Deir-ez-Zor,دير الزور,SY09,Deir-ez-Zor,مركز دير الزور,SY0901,Sur,صور,SY090106,Sur,صور,,,,,2016-09-05,2016-09-05,
Syrian Arab Republic,الجمهورية العربية السورية,SY,Rural Damascus,ريف دمشق,SY03,At Tall,التل,SY0304,Sidnaya,صيدنايا,SY030401,Sidnaya,صيدنايا,,,,,2016-09-05,2016-09-05,
Syrian Arab Republic,الجمهورية العربية السورية,SY,Rural Damascus,ريف دمشق,SY03,At Tall,التل,SY0304,Rankus,رنكوس,SY030402,Rankus,رنكوس,,,,,2016-09-05,2016-09-05,
Syrian Arab Republic,الجمهورية العربية السورية,SY,Rural Damascus,ريف دمشق,SY03,Az-Zabdani,الزبداني,SY0307,Az-Zabdani,مركز الزبداني,SY030700,Az-Zabdani,مركز الزبداني,,,,,2016-09-05,2016-09-05,
Syrian Arab Republic,الجمهورية العربية السورية,SY,Rural Damascus,ريف دمشق,SY03,Az-Zabdani,الزبداني,SY0307,Dimas,الديماس,SY030701,Dimas,الديماس,,,,,2016-09-05,2016-09-05,
Syrian Arab Republic,الجمهورية العربية السورية,SY,Rural Damascus,ريف دمشق,SY03,Az-Zabdani,الزبداني,SY0307,Ein Elfijeh,عين الفيجة,SY030702,Ein Elfijeh,عين الفيجة,,,,,2016-09-05,2016-09-05,
Syrian Arab Republic,الجمهورية العربية السورية,SY,Rural Damascus,ريف دمشق,SY03,Az-Zabdani,الزبداني,SY0307,Madaya,مضايا,SY030703,Madaya,مضايا,,,,,2016-09-05,2016-09-05,
Syrian Arab Republic,الجمهورية العربية السورية,SY,Rural Damascus,ريف دمشق,SY03,Az-Zabdani,الزبداني,SY0307,Sarghaya,سرغايا,SY030704,Sarghaya,سرغايا,,,,,2016-09-05,2016-09-05,
Syrian Arab Republic,الجمهورية العربية السورية,SY,Rural Damascus,ريف دمشق,SY03,Al Qutayfah,القطيفة,SY0303,Al Qutayfah,مركز القطيفة,SY030300,Al Qutayfah,مركز القطيفة,,,,,2016-09-05,2016-09-05,
Syrian Arab Republic,الجمهورية العربية السورية,SY,Rural Damascus,ريف دمشق,SY03,Al Qutayfah,القطيفة,SY0303,Jirud,جيرود,SY030301,Jirud,جيرود,,,,,2016-09-05,2016-09-05,
Syrian Arab Republic,الجمهورية العربية السورية,SY,Rural Damascus,ريف دمشق,SY03,Al Qutayfah,القطيفة,SY0303,Ma'loula,معلولا,SY030302,Maloula,معلولا,,,,,2016-09-05,2016-09-05,
Syrian Arab Republic,الجمهورية العربية السورية,SY,Rural Damascus,ريف دمشق,SY03,Al Qutayfah,القطيفة,SY0303,Raheiba,الرحيبة,SY030303,Raheiba,الرحيبة,,,,,2016-09-05,2016-09-05,
Syrian Arab Republic,الجمهورية العربية السورية,SY,Rural Damascus,ريف دمشق,SY03,An Nabk,النبك,SY0306,An Nabk,مركز النبك,SY030600,An Nabk,مركز النبك,,,,,2016-09-05,2016-09-05,
Syrian Arab Republic,الجمهورية العربية السورية,SY,Rural Damascus,ريف دمشق,SY03,An Nabk,النبك,SY0306,Deir Attiyeh,دير عطية,SY030601,Deir Attiyeh,دير عطية,,,,,2016-09-05,2016-09-05,
Syrian Arab Republic,الجمهورية العربية السورية,SY,Rural Damascus,ريف دمشق,SY03,Darayya,داريا,SY0309,Sahnaya,صحنايا,SY030901,Sahnaya,صحنايا,,,,,2016-09-05,2016-09-05,
Syrian Arab Republic,الجمهورية العربية السورية,SY,Rural Damascus,ريف دمشق,SY03,Duma,دوما,SY0302,Duma,مركز دوما,SY030200,Duma,مركز دوما,,,,,2016-09-05,2016-09-05,
Syrian Arab Republic,الجمهورية العربية السورية,SY,Rural Damascus,ريف دمشق,SY03,Duma,دوما,SY0302,Sabe Byar,السبع بيار,SY030202,Sabe Byar,السبع بيار,,,,,2016-09-05,2016-09-05,
Syrian Arab Republic,الجمهورية العربية السورية,SY,Rural Damascus,ريف دمشق,SY03,Duma,دوما,SY0302,Dhameer,الضمير,SY030203,Dhameer,الضمير,,,,,2016-09-05,2016-09-05,
Syrian Arab Republic,الجمهورية العربية السورية,SY,Rural Damascus,ريف دمشق,SY03,Duma,دوما,SY0302,Nashabiyeh,النشابية,SY030204,Nashabiyeh,النشابية,,,,,2016-09-05,2016-09-05,
Syrian Arab Republic,الجمهورية العربية السورية,SY,Rural Damascus,ريف دمشق,SY03,Duma,دوما,SY0302,Ghizlaniyyeh,الغزلانية,SY030205,Ghizlaniyyeh,الغزلانية,,,,,2016-09-05,2016-09-05,
Syrian Arab Republic,الجمهورية العربية السورية,SY,Rural Damascus,ريف دمشق,SY03,Duma,دوما,SY0302,Haran Al'awameed,حران العواميد,SY030206,Haran Alawameed,حران العواميد,,,,,2016-09-05,2016-09-05,
Syrian Arab Republic,الجمهورية العربية السورية,SY,Rural Damascus,ريف دمشق,SY03,Qatana,قطنا,SY0308,Qatana,مركز قطنا,SY030800,Qatana,مركز قطنا,,,,,2016-09-05,2016-09-05,
Syrian Arab Republic,الجمهورية العربية السورية,SY,Rural Damascus,ريف دمشق,SY03,Qatana,قطنا,SY0308,Sa'sa',سعسع,SY030802,Sasa,سعسع,,,,,2016-09-05,2016-09-05,
Syrian Arab Republic,الجمهورية العربية السورية,SY,Rural Damascus,ريف دمشق,SY03,Qatana,قطنا,SY0308,Bait Jan,بيت جن,SY030801,Bait Jan,بيت جن,,,,,2016-09-05,2016-09-05,
Syrian Arab Republic,الجمهورية العربية السورية,SY,Rural Damascus,ريف دمشق,SY03,Rural Damascus,مركز ريف دمشق,SY0301,Kisweh,الكسوة,SY030101,Kisweh,الكسوة,,,,,2016-09-05,2016-09-05,
Syrian Arab Republic,الجمهورية العربية السورية,SY,Rural Damascus,ريف دمشق,SY03,Rural Damascus,مركز ريف دمشق,SY0301,Maliha,المليحة,SY030104,Maliha,المليحة,,,,,2016-09-05,2016-09-05,
Syrian Arab Republic,الجمهورية العربية السورية,SY,Rural Damascus,ريف دمشق,SY03,Yabroud,يبرود,SY0305,Yabroud,مركز يبرود,SY030500,Yabroud,مركز يبرود,,,,,2016-09-05,2016-09-05,
Syrian Arab Republic,الجمهورية العربية السورية,SY,Rural Damascus,ريف دمشق,SY03,Yabroud,يبرود,SY0305,Esal El-Ward,عسال الورد,SY030501,Esal El-Ward,عسال الورد,,,,,2016-09-05,2016-09-05,
Syrian Arab Republic,الجمهورية العربية السورية,SY,Tartous,طرطوس,SY10,Sheikh Badr,الشيخ بدر,SY1005,Sheikh Badr,مركز الشيخ بدر,SY100500,Sheikh Badr,مركز الشيخ بدر,,,,,2016-09-05,2016-09-05,
Syrian Arab Republic,الجمهورية العربية السورية,SY,Tartous,طرطوس,SY10,Sheikh Badr,الشيخ بدر,SY1005,Qumseyyeh,قمصية,SY100502,Qumseyyeh,قمصية,,,,,2016-09-05,2016-09-05,
Syrian Arab Republic,الجمهورية العربية السورية,SY,Tartous,طرطوس,SY10,Sheikh Badr,الشيخ بدر,SY1005,Baramanet Elmashayekh,برمانة المشايخ,SY100501,Baramanet Elmashayekh,برمانة المشايخ,,,,,2016-09-05,2016-09-05,
Syrian Arab Republic,الجمهورية العربية السورية,SY,Tartous,طرطوس,SY10,Banyas,بانياس,SY1002,Banyas,مركز بانياس,SY100200,Banyas,مركز بانياس,,,,,2016-09-05,2016-09-05,
Syrian Arab Republic,الجمهورية العربية السورية,SY,Tartous,طرطوس,SY10,Banyas,بانياس,SY1002,Rawda,الروضة,SY100201,Rawda,الروضة,,,,,2016-09-05,2016-09-05,
Syrian Arab Republic,الجمهورية العربية السورية,SY,Tartous,طرطوس,SY10,Qadmous,القدموس,SY1006,Anaza,العنازة,SY100601,Anaza,العنازة,,,,,2016-09-05,2016-09-05,
Syrian Arab Republic,الجمهورية العربية السورية,SY,Tartous,طرطوس,SY10,Qadmous,القدموس,SY1006,Hamam Wasil,حمام واصل,SY100603,Hamam Wasil,حمام واصل,,,,,2016-09-05,2016-09-05,
Syrian Arab Republic,الجمهورية العربية السورية,SY,Tartous,طرطوس,SY10,Qadmous,القدموس,SY1006,Tawahin,الطواحين,SY100604,Tawahin,الطواحين,,,,,2016-09-05,2016-09-05,
Syrian Arab Republic,الجمهورية العربية السورية,SY,Tartous,طرطوس,SY10,Banyas,بانياس,SY1002,Taleen,تالين,SY100206,Taleen,تالين,,,,,2016-09-05,2016-09-05,
Syrian Arab Republic,الجمهورية العربية السورية,SY,Tartous,طرطوس,SY10,Qadmous,القدموس,SY1006,Qadmous,القدموس,SY100602,Qadmous,القدموس,,,,,2016-09-05,2016-09-05,
Syrian Arab Republic,الجمهورية العربية السورية,SY,Tartous,طرطوس,SY10,Dreikish,دريكيش,SY1004,Dreikish,مركز دريكيش,SY100400,Dreikish,مركز دريكيش,,,,,2016-09-05,2016-09-05,
Syrian Arab Republic,الجمهورية العربية السورية,SY,Tartous,طرطوس,SY10,Dreikish,دريكيش,SY1004,Jneinet Raslan,جنينة رسلان,SY100401,Jneinet Raslan,جنينة رسلان,,,,,2016-09-05,2016-09-05,
Syrian Arab Republic,الجمهورية العربية السورية,SY,Tartous,طرطوس,SY10,Dreikish,دريكيش,SY1004,Hamin,حمين,SY100402,Hamin,حمين,,,,,2016-09-05,2016-09-05,
Syrian Arab Republic,الجمهورية العربية السورية,SY,Tartous,طرطوس,SY10,Dreikish,دريكيش,SY1004,Dweir Raslan,دوير رسلان,SY100403,Dweir Raslan,دوير رسلان,,,,,2016-09-05,2016-09-05,
Syrian Arab Republic,الجمهورية العربية السورية,SY,Tartous,طرطوس,SY10,Safita,صافيتا,SY1003,Safita,مركز صافيتا,SY100300,Safita,مركز صافيتا,,,,,2016-09-05,2016-09-05,
Syrian Arab Republic,الجمهورية العربية السورية,SY,Tartous,طرطوس,SY10,Safita,صافيتا,SY1003,Mashta Elhiu,مشتى الحلو,SY100301,Mashta Elhiu,مشتى الحلو,,,,,2016-09-05,2016-09-05,
Syrian Arab Republic,الجمهورية العربية السورية,SY,Tartous,طرطوس,SY10,Safita,صافيتا,SY1003,Bariqiyeh,البارقية,SY100302,Bariqiyeh,البارقية,,,,,2016-09-05,2016-09-05,
Syrian Arab Republic,الجمهورية العربية السورية,SY,Tartous,طرطوس,SY10,Safita,صافيتا,SY1003,Sibbeh,سبة,SY100303,Sibbeh,سبة,,,,,2016-09-05,2016-09-05,
Syrian Arab Republic,الجمهورية العربية السورية,SY,Tartous,طرطوس,SY10,Safita,صافيتا,SY1003,Sisniyyeh,السيسنية,SY100304,Sisniyyeh,السيسنية,,,,,2016-09-05,2016-09-05,
Syrian Arab Republic,الجمهورية العربية السورية,SY,Tartous,طرطوس,SY10,Safita,صافيتا,SY1003,Ras El-Khashufeh,رأس الخشوفة,SY100305,Ras El-Khashufeh,رأس الخشوفة,,,,,2016-09-05,2016-09-05,
Syrian Arab Republic,الجمهورية العربية السورية,SY,Tartous,طرطوس,SY10,Tartous,مركز طرطوس,SY1000,Arwad,أرواد,SY100001,Arwad,أرواد,,,,,2016-09-05,2016-09-05,
Syrian Arab Republic,الجمهورية العربية السورية,SY,Tartous,طرطوس,SY10,Tartous,مركز طرطوس,SY1000,Tartous,مركز طرطوس,SY100000,Tartous,مركز طرطوس,,,,,2016-09-05,2016-09-05,
Syrian Arab Republic,الجمهورية العربية السورية,SY,Tartous,طرطوس,SY10,Tartous,مركز طرطوس,SY1000,Hameidiyyeh,الحميدية,SY100002,Hameidiyyeh,الحميدية,,,,,2016-09-05,2016-09-05,
Syrian Arab Republic,الجمهورية العربية السورية,SY,Tartous,طرطوس,SY10,Tartous,مركز طرطوس,SY1000,Kherbet Elma'aza,خربة المعزة,SY100003,Kherbet Elmaaza,خربة المعزة,,,,,2016-09-05,2016-09-05,
Syrian Arab Republic,الجمهورية العربية السورية,SY,Tartous,طرطوس,SY10,Tartous,مركز طرطوس,SY1000,Soda Khawabi,سودا خوابي,SY100004,Soda Khawabi,سودا خوابي,,,,,2016-09-05,2016-09-05,
Syrian Arab Republic,الجمهورية العربية السورية,SY,Tartous,طرطوس,SY10,Tartous,مركز طرطوس,SY1000,Kareemeh,كريمة,SY100005,Kareemeh,كريمة,,,,,2016-09-05,2016-09-05,
Syrian Arab Republic,الجمهورية العربية السورية,SY,Tartous,طرطوس,SY10,Tartous,مركز طرطوس,SY1000,Safsafa,صفصافة,SY100006,Safsafa,صفصافة,,,,,2016-09-05,2016-09-05,
Syrian Arab Republic,الجمهورية العربية السورية,SY,Hama,حماة,SY05,As-Salamiyeh,السلمية,SY0503,Saboura,صبورة,SY050303,Saboura,صبورة,,,,,2016-09-05,2016-09-05,
Syrian Arab Republic,الجمهورية العربية السورية,SY,Rural Damascus,ريف دمشق,SY03,Rural Damascus,مركز ريف دمشق,SY0301,Jaramana,جرمانا,SY030103,Jaramana,جرمانا,,,,,2016-09-05,2016-09-05,
Syrian Arab Republic,الجمهورية العربية السورية,SY,Rural Damascus,ريف دمشق,SY03,Rural Damascus,مركز ريف دمشق,SY0301,Kafr Batna,كفر بطنا,SY030105,Kafr Batna,كفر بطنا,,,,,2016-09-05,2016-09-05,
Syrian Arab Republic,الجمهورية العربية السورية,SY,Rural Damascus,ريف دمشق,SY03,Rural Damascus,مركز ريف دمشق,SY0301,Arbin,عربين,SY030106,Arbin,عربين,,,,,2016-09-05,2016-09-05,
Syrian Arab Republic,الجمهورية العربية السورية,SY,Rural Damascus,ريف دمشق,SY03,Duma,دوما,SY0302,Harasta,حرستا,SY030201,Harasta,حرستا,,,,,2016-09-05,2016-09-05,
Syrian Arab Republic,الجمهورية العربية السورية,SY,Rural Damascus,ريف دمشق,SY03,At Tall,التل,SY0304,At Tall,مركز التل,SY030400,At Tall,مركز التل,,,,,2016-09-05,2016-09-05,
Syrian Arab Republic,الجمهورية العربية السورية,SY,Rural Damascus,ريف دمشق,SY03,Darayya,داريا,SY0309,Markaz Darayya,مركز داريا,SY030900,Markaz Darayya,مركز داريا,,,,,2016-09-05,2016-09-05,
Syrian Arab Republic,الجمهورية العربية السورية,SY,Rural Damascus,ريف دمشق,SY03,Darayya,داريا,SY0309,Hajar Aswad,الحجر الأسود,SY030902,Hajar Aswad,الحجر الأسود,,,,,2016-09-05,2016-09-05,
Syrian Arab Republic,الجمهورية العربية السورية,SY,Damascus,دمشق,SY01,Damascus,دمشق,SY0100,Damascus,دمشق,SY010000,Damascus,دمشق,,,,,2016-09-05,2016-09-05,
Syrian Arab Republic,الجمهورية العربية السورية,SY,Rural Damascus,ريف دمشق,SY03,Rural Damascus,مركز ريف دمشق,SY0301,Babella,ببيلا,SY030102,Babella,ببيلا,,,,,2016-09-05,2016-09-05,
Syrian Arab Republic,الجمهورية العربية السورية,SY,Rural Damascus,ريف دمشق,SY03,Rural Damascus,مركز ريف دمشق,SY0301,"Qudsiya
","قدسيا
",SY030107,"Qudsiya
","قدسيا
",,,,,2016-09-05,2016-09-05,
